DELETE FROM Program;
DELETE FROM Research_Field;
DELETE FROM Admins;
DELETE FROM Organization;
DELETE FROM Evaluation;
DELETE FROM Researcher;
DELETE FROM Project;
DELETE FROM Project_Field;
DELETE FROM Deliverables;
DELETE FROM Evaluate;
DELETE FROM Works_in;
DELETE FROM Phone_Numbers;
DELETE FROM Private_Company;
DELETE FROM University;
DELETE FROM Research_Center;


INSERT INTO Program (program_name, program_address) VALUES ('Nec Diam Consulting','Ap #537-6598 Quam Rd.'); 
INSERT INTO Program (program_name, program_address) VALUES ('Arcu Vestibulum Consulting','570-7560 Magna St.');
INSERT INTO Program (program_name, program_address) VALUES ('Ullamcorper Nisl Corp.','584-9753 Sem, Street');
INSERT INTO Program (program_name, program_address) VALUES ('Faucibus Orci Luctus Institute','9505 Donec Av.');
INSERT INTO Program (program_name, program_address) VALUES ('Nisi Corp.','Ap #721-6624 Lobortis Rd.');
INSERT INTO Program (program_name, program_address) VALUES ('Imperdiet Non LLC','Ap #881-9245 Donec Av.');
INSERT INTO Program (program_name, program_address) VALUES ('Sit Corp.','6177 Hendrerit Ave');
INSERT INTO Program (program_name, program_address) VALUES ('Eu Ultrices Sit Institute','P.O. Box 688, 2247 Nisl. St.');
INSERT INTO Program (program_name, program_address) VALUES ('Nulla Tincidunt Consulting','298-5427 Nunc. Street');
INSERT INTO Program (program_name, program_address) VALUES ('Duis Gravida Associates','122-1386 Dolor St.');
INSERT INTO Program (program_name, program_address) VALUES ('Et Magnis Dis Incorporated','630-7265 Nulla Rd.');
INSERT INTO Program (program_name, program_address) VALUES ('Arcu Institute','Ap #827-5556 Vel Road');
INSERT INTO Program (program_name, program_address) VALUES ('Egestas Sed Associates','186-7060 Et Rd.');
INSERT INTO Program (program_name, program_address) VALUES ('Dapibus Gravida Aliquam Ltd','Ap #185-394 Curabitur Road');
INSERT INTO Program (program_name, program_address) VALUES ('Amet Consectetuer PC','1599 Lorem, Road');
INSERT INTO Program (program_name, program_address) VALUES ('Sed Congue Corp.','739-2274 Tortor. Street');
INSERT INTO Program (program_name, program_address) VALUES ('Nunc Foundation','P.O. Box 379, 2332 Vitae Street');
INSERT INTO Program (program_name, program_address) VALUES ('Egestas Ligula Limited','486-4241 Ac St.');
INSERT INTO Program (program_name, program_address) VALUES ('Consectetuer Euismod Est Limited','8280 Montes, Avenue');
INSERT INTO Program (program_name, program_address) VALUES ('Lectus LLP','5384 Non St.');
INSERT INTO Program (program_name, program_address) VALUES ('Tincidunt Congue PC','Ap #198-1864 In, St.');
INSERT INTO Program (program_name, program_address) VALUES ('Elit Corp.','701-4176 Ornare, Av.');
INSERT INTO Program (program_name, program_address) VALUES ('Risus At Institute','Ap #118-441 Rutrum St.');
INSERT INTO Program (program_name, program_address) VALUES ('Erat Volutpat Foundation','378-3708 Elit, Street');
INSERT INTO Program (program_name, program_address) VALUES ('Commodo Tincidunt Nibh Inc.','P.O. Box 897, 630 In Street');
INSERT INTO Program (program_name, program_address) VALUES ('Lacus Nulla PC','Ap #298-722 Pede. Avenue');
INSERT INTO Program (program_name, program_address) VALUES ('Metus Facilisis Ltd','Ap #346-1900 Eu, Road');
INSERT INTO Program (program_name, program_address) VALUES ('Curabitur PC','209-436 Ipsum St.');
INSERT INTO Program (program_name, program_address) VALUES ('Sit Amet Incorporated','Ap #755-1594 Fringilla Street');
INSERT INTO Program (program_name, program_address) VALUES ('In Nec Orci Associates','P.O. Box 264, 3777 Non St.');
INSERT INTO Program (program_name, program_address) VALUES ('Eros Nec Inc.','263-489 Eget Ave');
INSERT INTO Program (program_name, program_address) VALUES ('Elementum Purus Accumsan Institute','P.O. Box 725, 4250 Augue St.');
INSERT INTO Program (program_name, program_address) VALUES ('Tristique Corp.','1191 Fusce Street');
INSERT INTO Program (program_name, program_address) VALUES ('A Nunc Ltd','Ap #345-522 Nullam St.');
INSERT INTO Program (program_name, program_address) VALUES ('Curabitur Massa Industries','286-9498 Diam St.');
INSERT INTO Program (program_name, program_address) VALUES ('Institute de Arte','Ap #526-7389 Proin St.');
INSERT INTO Program (program_name, program_address) VALUES ('Est Ac Private_Company','717-4678 Vulputate, Ave');
INSERT INTO Program (program_name, program_address) VALUES ('Faucibus Incorporated','Ap #486-3694 Vitae, Ave');
INSERT INTO Program (program_name, program_address) VALUES ('Maecenas Malesuada Inc.','Ap #170-1297 Duis Rd.');
INSERT INTO Program (program_name, program_address) VALUES ('Enim Consequat Associates','Ap #298-7931 Orci Ave');
INSERT INTO Program (program_name, program_address) VALUES ('Ornare Lectus Corporation','P.O. Box 385, 5882 Mauris. Rd.');
INSERT INTO Program (program_name, program_address) VALUES ('Interdum Curabitur Dictum PC','430-5234 Eleifend Rd.');
INSERT INTO Program (program_name, program_address) VALUES ('Nunc Laoreet Corporation','355-846 Neque Street');
INSERT INTO Program (program_name, program_address) VALUES ('Nec Ante Corporation','P.O. Box 268, 9848 Neque Street');
INSERT INTO Program (program_name, program_address) VALUES ('Dignissim Tempor Corp.','144-5146 Nulla Ave');
INSERT INTO Program (program_name, program_address) VALUES ('Et Foundation','971-9295 Proin Road');
INSERT INTO Program (program_name, program_address) VALUES ('Cursus Et LLC','6339 Porta Avenue');
INSERT INTO Program (program_name, program_address) VALUES ('Sodales Elit Erat Corporation','3800 Quis Rd.');
INSERT INTO Program (program_name, program_address) VALUES ('Maecenas Libero PC','Ap #868-5370 Integer St.');
INSERT INTO Program (program_name, program_address) VALUES ('Conubia Nostra Per Incorporated','P.O. Box 639, 4337 Malesuada Av.'); 



INSERT INTO Research_Field (field_name) VALUES ('Business Development');
INSERT INTO Research_Field (field_name) VALUES ('Human Resources');
INSERT INTO Research_Field (field_name) VALUES ('Marketing');
INSERT INTO Research_Field (field_name) VALUES ('Training');
INSERT INTO Research_Field (field_name) VALUES ('Engineering');
INSERT INTO Research_Field (field_name) VALUES ('Accounting');
INSERT INTO Research_Field (field_name) VALUES ('Product Management');
INSERT INTO Research_Field (field_name) VALUES ('Support');
INSERT INTO Research_Field (field_name) VALUES ('Legal');
INSERT INTO Research_Field (field_name) VALUES ('Services');
INSERT INTO Research_Field (field_name) VALUES ('Research and Development');
INSERT INTO Research_Field (field_name) VALUES ('Sales');
INSERT INTO Research_Field (field_name) VALUES ('Media and communications');
INSERT INTO Research_Field (field_name) VALUES ('Social and economic geography');
INSERT INTO Research_Field (field_name) VALUES ('Economies and Business');
INSERT INTO Research_Field (field_name) VALUES ('Psychology');
INSERT INTO Research_Field (field_name) VALUES ('Health Sciences');
INSERT INTO Research_Field (field_name) VALUES ('History and Archaeology');
INSERT INTO Research_Field (field_name) VALUES ('Philosophy, Ethics and Religion');
INSERT INTO Research_Field (field_name) VALUES ('Agricultural biotechnology');
INSERT INTO Research_Field (field_name) VALUES ('Agriculture, Forestry, and Fisheries');
INSERT INTO Research_Field (field_name) VALUES ('Medical biotechnology');
INSERT INTO Research_Field (field_name) VALUES ('Basic medicine');
INSERT INTO Research_Field (field_name) VALUES ('Nano-technology');
INSERT INTO Research_Field (field_name) VALUES ('Industrial biotechnology');
INSERT INTO Research_Field (field_name) VALUES ('Environment');
INSERT INTO Research_Field (field_name) VALUES ('Chemical engineering');
INSERT INTO Research_Field (field_name) VALUES ('Sexology');
INSERT INTO Research_Field (field_name) VALUES ('Electrical engineering');
INSERT INTO Research_Field (field_name) VALUES ('Earth and related Environmental sciences');
INSERT INTO Research_Field (field_name) VALUES ('Physical science');
INSERT INTO Research_Field (field_name) VALUES ('Computer and information sciences');


INSERT INTO Admins (admin_id, admin_name) VALUES ('433305639', 'Aurora Laura');
INSERT INTO Admins (admin_id, admin_name) VALUES ('596304177', 'Bail Cuerda');
INSERT INTO Admins (admin_id, admin_name) VALUES ('001405252', 'Alika Kittoe');
INSERT INTO Admins (admin_id, admin_name) VALUES ('483499227', 'Nanice Kelsow');
INSERT INTO Admins (admin_id, admin_name) VALUES ('559798851', 'Morten Cow');
INSERT INTO Admins (admin_id, admin_name) VALUES ('714693600', 'Morlee Ledbetter');
INSERT INTO Admins (admin_id, admin_name) VALUES ('979005833', 'Waverly Longmore');
INSERT INTO Admins (admin_id, admin_name) VALUES ('015911775', 'Quill May');
INSERT INTO Admins (admin_id, admin_name) VALUES ('634965324', 'Karlie Shapcott');
INSERT INTO Admins (admin_id, admin_name) VALUES ('946319863', 'Phylys Lenahan');
INSERT INTO Admins (admin_id, admin_name) VALUES ('159226913', 'Sonia Pauel');
INSERT INTO Admins (admin_id, admin_name) VALUES ('350468221', 'Devondra Bendon');
INSERT INTO Admins (admin_id, admin_name) VALUES ('066390764', 'Cully Manhood');
INSERT INTO Admins (admin_id, admin_name) VALUES ('050350016', 'Amber Heard');
INSERT INTO Admins (admin_id, admin_name) VALUES ('240512223', 'Shakira Mana');
INSERT INTO Admins (admin_id, admin_name) VALUES ('519577252', 'Kaila Melson');
INSERT INTO Admins (admin_id, admin_name) VALUES ('983143779', 'Tandi Hehnke');
INSERT INTO Admins (admin_id, admin_name) VALUES ('668451306', 'Tammara Charlson');
INSERT INTO Admins (admin_id, admin_name) VALUES ('993238168', 'Asan Lee');
INSERT INTO Admins (admin_id, admin_name) VALUES ('700073807', 'Kleon Doughartie');
INSERT INTO Admins (admin_id, admin_name) VALUES ('722653437', 'Marshall Tron');
INSERT INTO Admins (admin_id, admin_name) VALUES ('618799800', 'Kati Zanini');
INSERT INTO Admins (admin_id, admin_name) VALUES ('553725263', 'Viole Oxer');
INSERT INTO Admins (admin_id, admin_name) VALUES ('349987831', 'Halley Crowth');
INSERT INTO Admins (admin_id, admin_name) VALUES ('375045016', 'Flora Ifill');
INSERT INTO Admins (admin_id, admin_name) VALUES ('785958085', 'Emmalee Emanuel');
INSERT INTO Admins (admin_id, admin_name) VALUES ('877380027', 'Carolus Timlin');
INSERT INTO Admins (admin_id, admin_name) VALUES ('754302096', 'Pennie Wherrett');
INSERT INTO Admins (admin_id, admin_name) VALUES ('720915690', 'Dominick Orwin');
INSERT INTO Admins (admin_id, admin_name) VALUES ('266367612', 'Che McCall');
INSERT INTO Admins (admin_id, admin_name) VALUES ('314279904', 'Fee Grossman');
INSERT INTO Admins (admin_id, admin_name) VALUES ('353521305', 'Clarinda Beaven');
INSERT INTO Admins (admin_id, admin_name) VALUES ('262947521', 'Albrecht Phipp');
INSERT INTO Admins (admin_id, admin_name) VALUES ('688028709', 'Adriane Allonby');
INSERT INTO Admins (admin_id, admin_name) VALUES ('328632444', 'Coralyn Petruk');
INSERT INTO Admins (admin_id, admin_name) VALUES ('093861389', 'Honoria Guiraud');
INSERT INTO Admins (admin_id, admin_name) VALUES ('579829835', 'Shelley Carvil');
INSERT INTO Admins (admin_id, admin_name) VALUES ('229894375', 'Iris Sprulls');
INSERT INTO Admins (admin_id, admin_name) VALUES ('628672430', 'Salli Jennery');
INSERT INTO Admins (admin_id, admin_name) VALUES ('444584604', 'Chryste Cowin');
INSERT INTO Admins (admin_id, admin_name) VALUES ('653840584', 'Freeman Alesi');
INSERT INTO Admins (admin_id, admin_name) VALUES ('697921952', 'Jenilee Rubin');
INSERT INTO Admins (admin_id, admin_name) VALUES ('809450101', 'Danella Cotgrove');
INSERT INTO Admins (admin_id, admin_name) VALUES ('206777246', 'Bat Stroton');
INSERT INTO Admins (admin_id, admin_name) VALUES ('469083205', 'Bernadene Eastham');
INSERT INTO Admins (admin_id, admin_name) VALUES ('683818199', 'Cherye Hartgill');
INSERT INTO Admins (admin_id, admin_name) VALUES ('592004101', 'Homere Bromet');
INSERT INTO Admins (admin_id, admin_name) VALUES ('083794681', 'Trumaine Tidder');
INSERT INTO Admins (admin_id, admin_name) VALUES ('598635218', 'Mariellen Treske');
INSERT INTO Admins (admin_id, admin_name) VALUES ('399871778', 'Holly Feild');

INSERT INTO Organization (ID, org_name, post_code, org_address, org_city, org_abbr) VALUES (2201 , 'Bednar, Anderson and Torp', '16634', '5500 Ruskin Terrace', 'Wuxi', 'OKB');
INSERT INTO Organization (ID, org_name, post_code, org_address, org_city, org_abbr) VALUES (2203 , 'The Johnsons', 'R56', '7 Clyde Gallagher Plaza', 'Old Kilcullen', 'OZX');
INSERT INTO Organization (ID, org_name, post_code, org_address, org_city, org_abbr) VALUES (2204 , 'Rolfson, Lemke and Wilderman', '51614', '96600 Harper Point', 'Temuji', 'MJL');
INSERT INTO Organization (ID, org_name, post_code, org_address, org_city, org_abbr) VALUES (2205 , 'Muller, Williamson and Littel', '371 23', '4 Ruskin Avenue', 'Karlskrona', 'NHW');
INSERT INTO Organization (ID, org_name, post_code, org_address, org_city, org_abbr) VALUES (2206 , 'Balotteli, Ogonsuto nd Co', '96745-000', '73634 Miller Avenue', 'Charqueadas', 'VBT');
INSERT INTO Organization (ID, org_name, post_code, org_address, org_city, org_abbr) VALUES (2207 , 'Reimman,Strauss and John', '452696', '87661 Kedzie Trail', 'Neftekamsk', 'ZNL');
INSERT INTO Organization (ID, org_name, post_code, org_address, org_city, org_abbr) VALUES (2208 , 'Waelchi, Anderson and Zboncak', '72728', '3 North Place', 'Nyangao', 'JBL');
INSERT INTO Organization (ID, org_name, post_code, org_address, org_city, org_abbr) VALUES (2209 , 'Rutherford, Leannon and Graham', '11167', '486 Kings Court', 'Qiaozi', 'NNT');
INSERT INTO Organization (ID, org_name, post_code, org_address, org_city, org_abbr) VALUES (2210 , 'Kiehn Group', '56019 CEDEX', '822 Pine View Road', 'Vannes', 'TEH');
INSERT INTO Organization (ID, org_name, post_code, org_address, org_city, org_abbr) VALUES (2211 , 'Olympia Group', '11728', '69 3rd Junction', 'Sovetakan', 'SMJ');
INSERT INTO Organization (ID, org_name, post_code, org_address, org_city, org_abbr) VALUES (2212 , 'Gislason Inc', '747 20', '40308 Old Shore Lane', 'Vřesina', 'DHC');
INSERT INTO Organization (ID, org_name, post_code, org_address, org_city, org_abbr) VALUES (2213 , 'Janice, Robert and Dough', '64125', '45435 Butterfield Terrace', 'Kansas City', 'IAB');
INSERT INTO Organization (ID, org_name, post_code, org_address, org_city, org_abbr) VALUES (2214 , 'Schamberger-Torp', '11789', '14591 5th Hill', 'Ravānsar', 'KNL');
INSERT INTO Organization (ID, org_name, post_code, org_address, org_city, org_abbr) VALUES (2215 , 'Marks Inc', '9001', '7 Granby Trail', 'Rada Tilly', 'XQG');
INSERT INTO Organization (ID, org_name, post_code, org_address, org_city, org_abbr) VALUES (2216 , 'Hyatt, Krajcik and Hand', '1626', '45 Maple Terrace', 'Mburukullu', 'LPO');
INSERT INTO Organization (ID, org_name, post_code, org_address, org_city, org_abbr) VALUES (2217 , 'Lebsack Inc', '68335', '87 Lukken Pass', 'Nguluhan', 'IDP');
INSERT INTO Organization (ID, org_name, post_code, org_address, org_city, org_abbr) VALUES (2218 , 'Schuppe-Schaefer', '16782', '7728 Thompson Point', 'Rudong', 'AOS');
INSERT INTO Organization (ID, org_name, post_code, org_address, org_city, org_abbr) VALUES (2219 , 'Nader-Sporer', '4949', '89 Nova Circle', 'Xinjian', 'DFW');
INSERT INTO Organization (ID, org_name, post_code, org_address, org_city, org_abbr) VALUES (2220 , 'Berge-Kilback', '353642', '0040 Dryden Plaza', 'Glafirovka', 'FSN');
INSERT INTO Organization (ID, org_name, post_code, org_address, org_city, org_abbr) VALUES (2221 , 'Larson-Lindgren', '4770-354', '8 Fordem Avenue', 'Mouquim', 'TYN');
INSERT INTO Organization (ID, org_name, post_code, org_address, org_city, org_abbr) VALUES (2222 , 'Sawayn-Lakin', '31803', '860 Westridge Pass', 'Hidalgo', 'HUN');
INSERT INTO Organization (ID, org_name, post_code, org_address, org_city, org_abbr) VALUES (2223 , 'Koepp, Luettgen and Ratke', '16892', '0 Crest Line Place', 'Chironkamba', 'VPI');
INSERT INTO Organization (ID, org_name, post_code, org_address, org_city, org_abbr) VALUES (2224 , 'Monahan Inc', 'CY463', '7 Vernon Center', 'Jatipamor', 'SUE');
INSERT INTO Organization (ID, org_name, post_code, org_address, org_city, org_abbr) VALUES (2225 , 'Gulgowski Group', 'T7385', '69736 Brickson Park Trail', 'Huxiaoqiao', 'DVU');
INSERT INTO Organization (ID, org_name, post_code, org_address, org_city, org_abbr) VALUES (2226 , 'Stehr, Bechtelar and Thompson', 'U6373', '9 Cherokee Court', 'Chimanimani', 'CCD');
INSERT INTO Organization (ID, org_name, post_code, org_address, org_city, org_abbr) VALUES (2227 , 'Deckow Inc', 'U2526', '33 Dottie Terrace', 'Cumanayagua', 'HWZ');
INSERT INTO Organization (ID, org_name, post_code, org_address, org_city, org_abbr) VALUES (2228 , 'Casper, Steuber and Ullrich', 'U63383', '20272 Comanche Center', 'Huaraz', 'RWH');
INSERT INTO Organization (ID, org_name, post_code, org_address, org_city, org_abbr) VALUES (2229 , 'Reynolds, Rowe and Corwin', 'B6522', '07 Burning Wood Junction', 'Bohou', 'QRZ');
INSERT INTO Organization (ID, org_name, post_code, org_address, org_city, org_abbr) VALUES (2230 , 'Hahn-Breitenberg', '90054', '1960 Elmside Court', 'Cungapmimbo', 'GSY');
INSERT INTO Organization (ID, org_name, post_code, org_address, org_city, org_abbr) VALUES (2231 , 'Gorczany, Corwin and Prosacco', '27747', '5720 Welch Pass', 'Loncoche', 'QSR');
INSERT INTO Organization (ID, org_name, post_code, org_address, org_city, org_abbr) VALUES (2232 , 'Corkery and Sons', '3480', '7 Porter Crossing', 'Barranqueras', 'XXK');
INSERT INTO Organization (ID, org_name, post_code, org_address, org_city, org_abbr) VALUES (2233 , 'Effertz-Hayes', '227637', '159 Sheridan Alley', 'Kenarilang', 'BWW');
INSERT INTO Organization (ID, org_name, post_code, org_address, org_city, org_abbr) VALUES (2234 , 'Will LLC', '727872', '32 Briar Crest Road', 'Krajan Kedungsalam', 'DLG');
INSERT INTO Organization (ID, org_name, post_code, org_address, org_city, org_abbr) VALUES (2235 , 'Bahringer-Turner', '3312', '9 Ronald Regan Terrace', 'Gumalang', 'EID');
INSERT INTO Organization (ID, org_name, post_code, org_address, org_city, org_abbr) VALUES (2236 , 'Mante, Krajcik and Klein', '727432', '4 Dahle Alley', 'Béboto', 'MFP');
INSERT INTO Organization (ID, org_name, post_code, org_address, org_city, org_abbr) VALUES (2237 , 'Huels-Bashirian', '6041', '987 Calypso Terrace', 'Biasong', 'VBD');
INSERT INTO Organization (ID, org_name, post_code, org_address, org_city, org_abbr) VALUES (2238 , 'Weissnat-Nitzsche', 'I47476', '8385 Spenser Crossing', 'Huacho', 'WPF');
INSERT INTO Organization (ID, org_name, post_code, org_address, org_city, org_abbr) VALUES (2239 , 'Gislason-Leuschke', '26373-34', '554 Center Lane', 'Bujumbura', 'UNM');
INSERT INTO Organization (ID, org_name, post_code, org_address, org_city, org_abbr) VALUES (2240 , 'Erdman-Nader', '58000-000', '1 Golf Hill', 'João Pessoa', 'BES');
INSERT INTO Organization (ID, org_name, post_code, org_address, org_city, org_abbr) VALUES (2241 , 'Kerluke Inc', '22-8738', '455 Prairieview Avenue', 'Koufália', 'LNH');


INSERT INTO Evaluation (evaluation_id, evaluation_grade, evaluation_date) VALUES (12929, 88, '2013-11-23');
INSERT INTO Evaluation (evaluation_id, evaluation_grade, evaluation_date) VALUES (22920, 58, '2013-08-12');
INSERT INTO Evaluation (evaluation_id, evaluation_grade, evaluation_date) VALUES (96049, 57, '2013-10-02');
INSERT INTO Evaluation (evaluation_id, evaluation_grade, evaluation_date) VALUES (42365, 66, '2013-11-13');
INSERT INTO Evaluation (evaluation_id, evaluation_grade, evaluation_date) VALUES (71206, 68, '2013-03-26');
INSERT INTO Evaluation (evaluation_id, evaluation_grade, evaluation_date) VALUES (55827, 77, '2013-04-29');
INSERT INTO Evaluation (evaluation_id, evaluation_grade, evaluation_date) VALUES (54452, 54, '2013-04-08');
INSERT INTO Evaluation (evaluation_id, evaluation_grade, evaluation_date) VALUES (55912, 53, '2013-03-30');
INSERT INTO Evaluation (evaluation_id, evaluation_grade, evaluation_date) VALUES (36924, 61, '2013-10-16');
INSERT INTO Evaluation (evaluation_id, evaluation_grade, evaluation_date) VALUES (42093, 90, '2013-02-08');
INSERT INTO Evaluation (evaluation_id, evaluation_grade, evaluation_date) VALUES (35347, 70, '2013-02-26');
INSERT INTO Evaluation (evaluation_id, evaluation_grade, evaluation_date) VALUES (85233, 67, '2013-08-28');
INSERT INTO Evaluation (evaluation_id, evaluation_grade, evaluation_date) VALUES (17567, 58, '2013-10-31');
INSERT INTO Evaluation (evaluation_id, evaluation_grade, evaluation_date) VALUES (58357, 73, '2013-04-18');
INSERT INTO Evaluation (evaluation_id, evaluation_grade, evaluation_date) VALUES (89954, 74, '2013-04-24');
INSERT INTO Evaluation (evaluation_id, evaluation_grade, evaluation_date) VALUES (36610, 92, '2013-07-01');
INSERT INTO Evaluation (evaluation_id, evaluation_grade, evaluation_date) VALUES (28539, 82, '2013-08-22');
INSERT INTO Evaluation (evaluation_id, evaluation_grade, evaluation_date) VALUES (48409, 89, '2013-10-05');
INSERT INTO Evaluation (evaluation_id, evaluation_grade, evaluation_date) VALUES (82382, 56, '2013-09-02');
INSERT INTO Evaluation (evaluation_id, evaluation_grade, evaluation_date) VALUES (71535, 91, '2013-02-17');
INSERT INTO Evaluation (evaluation_id, evaluation_grade, evaluation_date) VALUES (28053, 69, '2020-10-13');
INSERT INTO Evaluation (evaluation_id, evaluation_grade, evaluation_date) VALUES (66330, 83, '2020-08-05');
INSERT INTO Evaluation (evaluation_id, evaluation_grade, evaluation_date) VALUES (45353, 80, '2020-05-20');
INSERT INTO Evaluation (evaluation_id, evaluation_grade, evaluation_date) VALUES (56316, 50, '2020-04-30');
INSERT INTO Evaluation (evaluation_id, evaluation_grade, evaluation_date) VALUES (18938, 59, '2020-02-03');
INSERT INTO Evaluation (evaluation_id, evaluation_grade, evaluation_date) VALUES (79933, 97, '2020-01-14');
INSERT INTO Evaluation (evaluation_id, evaluation_grade, evaluation_date) VALUES (72404, 65, '2020-06-01');
INSERT INTO Evaluation (evaluation_id, evaluation_grade, evaluation_date) VALUES (26748, 71, '2020-06-09');
INSERT INTO Evaluation (evaluation_id, evaluation_grade, evaluation_date) VALUES (17524, 63, '2020-07-10');
INSERT INTO Evaluation (evaluation_id, evaluation_grade, evaluation_date) VALUES (92245, 96, '2020-01-11');
INSERT INTO Evaluation (evaluation_id, evaluation_grade, evaluation_date) VALUES (13967, 52, '2020-07-27');
INSERT INTO Evaluation (evaluation_id, evaluation_grade, evaluation_date) VALUES (98393, 66, '2020-04-14');
INSERT INTO Evaluation (evaluation_id, evaluation_grade, evaluation_date) VALUES (56106, 68, '2020-09-20');
INSERT INTO Evaluation (evaluation_id, evaluation_grade, evaluation_date) VALUES (65782, 89, '2020-01-12');
INSERT INTO Evaluation (evaluation_id, evaluation_grade, evaluation_date) VALUES (30052, 78, '2020-11-09');
INSERT INTO Evaluation (evaluation_id, evaluation_grade, evaluation_date) VALUES (81503, 82, '2020-10-29');
INSERT INTO Evaluation (evaluation_id, evaluation_grade, evaluation_date) VALUES (96895, 53, '2020-12-30');
INSERT INTO Evaluation (evaluation_id, evaluation_grade, evaluation_date) VALUES (40101, 84, '2020-09-08');
INSERT INTO Evaluation (evaluation_id, evaluation_grade, evaluation_date) VALUES (43506, 90, '2020-08-23');
INSERT INTO Evaluation (evaluation_id, evaluation_grade, evaluation_date) VALUES (42092, 90, '2020-03-17');
INSERT INTO Evaluation (evaluation_id, evaluation_grade, evaluation_date) VALUES (17680, 79, '2020-12-16');
INSERT INTO Evaluation (evaluation_id, evaluation_grade, evaluation_date) VALUES (36280, 85, '2020-07-09');
INSERT INTO Evaluation (evaluation_id, evaluation_grade, evaluation_date) VALUES (50811, 70, '2020-06-01');
INSERT INTO Evaluation (evaluation_id, evaluation_grade, evaluation_date) VALUES (85793, 84, '2020-04-09');
INSERT INTO Evaluation (evaluation_id, evaluation_grade, evaluation_date) VALUES (56019, 94, '2020-07-28');
INSERT INTO Evaluation (evaluation_id, evaluation_grade, evaluation_date) VALUES (12847, 90, '2020-12-13');
INSERT INTO Evaluation (evaluation_id, evaluation_grade, evaluation_date) VALUES (66055, 67, '2020-08-06');
INSERT INTO Evaluation (evaluation_id, evaluation_grade, evaluation_date) VALUES (65830, 70, '2020-09-26');
INSERT INTO Evaluation (evaluation_id, evaluation_grade, evaluation_date) VALUES (91649, 94, '2020-02-20');
INSERT INTO Evaluation (evaluation_id, evaluation_grade, evaluation_date) VALUES (12303, 92, '2020-10-25');
INSERT INTO Evaluation (evaluation_id, evaluation_grade, evaluation_date) VALUES (25026, 85, '2020-10-26');
INSERT INTO Evaluation (evaluation_id, evaluation_grade, evaluation_date) VALUES (12374, 78, '2020-10-25');
INSERT INTO Evaluation (evaluation_id, evaluation_grade, evaluation_date) VALUES (81273, 99, '2020-10-24');
INSERT INTO Evaluation (evaluation_id, evaluation_grade, evaluation_date) VALUES (49234, 67, '2020-10-24');
INSERT INTO Evaluation (evaluation_id, evaluation_grade, evaluation_date) VALUES (23481, 65, '2020-10-26');
INSERT INTO Evaluation (evaluation_id, evaluation_grade, evaluation_date) VALUES (23478, 80, '2020-10-27');
INSERT INTO Evaluation (evaluation_id, evaluation_grade, evaluation_date) VALUES (60531, 77, '2020-10-25');
INSERT INTO Evaluation (evaluation_id, evaluation_grade, evaluation_date) VALUES (23845, 92, '2020-10-28');
INSERT INTO Evaluation (evaluation_id, evaluation_grade, evaluation_date) VALUES (12387, 89, '2020-10-30');
INSERT INTO Evaluation (evaluation_id, evaluation_grade, evaluation_date) VALUES (19032, 94, '2020-10-28');
INSERT INTO Evaluation (evaluation_id, evaluation_grade, evaluation_date) VALUES (91288, 81, '2020-10-25');
INSERT INTO Evaluation (evaluation_id, evaluation_grade, evaluation_date) VALUES (96834, 69, '2020-10-31');
INSERT INTO Evaluation (evaluation_id, evaluation_grade, evaluation_date) VALUES (76783, 93, '2020-10-27');
INSERT INTO Evaluation (evaluation_id, evaluation_grade, evaluation_date) VALUES (67346, 65, '2020-10-27');
INSERT INTO Evaluation (evaluation_id, evaluation_grade, evaluation_date) VALUES (94123, 53, '2020-10-27');
INSERT INTO Evaluation (evaluation_id, evaluation_grade, evaluation_date) VALUES (34234, 91, '2020-10-27');
INSERT INTO Evaluation (evaluation_id, evaluation_grade, evaluation_date) VALUES (62384, 76, '2020-10-27');
INSERT INTO Evaluation (evaluation_id, evaluation_grade, evaluation_date) VALUES (12386, 90, '2020-10-27');




INSERT INTO Researcher (researcher_id, researcher_name, researcher_lastname, researcher_birthdate, researcher_gender, org_name, hire) VALUES ('28-6275478', 'Gearalt', 'Boick',      '1965-11-09','Male', 'Bednar, Anderson and Torp',         '2012-08-08');
INSERT INTO Researcher (researcher_id, researcher_name, researcher_lastname, researcher_birthdate, researcher_gender, org_name, hire) VALUES ('27-4987637', 'Clio'   , 'Loalday',    '1994-08-14', 'Female', 'The Johnsons',         '2012-02-04');
INSERT INTO Researcher (researcher_id, researcher_name, researcher_lastname, researcher_birthdate, researcher_gender, org_name, hire) VALUES ('21-5487477', 'Claiborne', 'Calendar', '1994-05-27', 'Male', 'Bednar, Anderson and Torp',        '2012-11-17');
INSERT INTO Researcher (researcher_id, researcher_name, researcher_lastname, researcher_birthdate, researcher_gender, org_name, hire) VALUES ('57-6036692', 'Jodie', 'Duplain',      '1971-10-18', 'Female', 'The Johnsons',         '2013-06-10');
INSERT INTO Researcher (researcher_id, researcher_name, researcher_lastname, researcher_birthdate, researcher_gender, org_name, hire) VALUES ('18-8521574', 'Gordon', 'Keig',        '1973-03-04','Male', 'The Johnsons',            '2013-05-03');
INSERT INTO Researcher (researcher_id, researcher_name, researcher_lastname, researcher_birthdate, researcher_gender, org_name, hire) VALUES ('10-1959937', 'Averil', 'Middup',      '1984-08-01','Male', 'Rolfson, Lemke and Wilderman',      '2014-03-20');
INSERT INTO Researcher (researcher_id, researcher_name, researcher_lastname, researcher_birthdate, researcher_gender, org_name, hire) VALUES ('42-6137875', 'Waylan', 'Schulze',     '1988-04-17', 'Male', 'Rolfson, Lemke and Wilderman',     '2014-01-04');
INSERT INTO Researcher (researcher_id, researcher_name, researcher_lastname, researcher_birthdate, researcher_gender, org_name, hire) VALUES ('04-1434235', 'Mae', 'O''Donnelly',    '1962-03-18', 'Female','Muller, Williamson and Littel',   '2013-06-14');
INSERT INTO Researcher (researcher_id, researcher_name, researcher_lastname, researcher_birthdate, researcher_gender, org_name, hire) VALUES ('56-1151228', 'Allene', 'Witheridge',  '1969-02-08', 'Female','Muller, Williamson and Littel',   '2011-09-15');
INSERT INTO Researcher (researcher_id, researcher_name, researcher_lastname, researcher_birthdate, researcher_gender, org_name, hire) VALUES ('76-3260093', 'Hayden', 'Miners',      '1963-03-17', 'Male', 'Muller, Williamson and Littel',    '2012-01-02');
INSERT INTO Researcher (researcher_id, researcher_name, researcher_lastname, researcher_birthdate, researcher_gender, org_name, hire) VALUES ('09-0218370', 'Jacob', 'Jarjar',       '1971-04-23', 'Male', 'Balotteli, Ogonsuto nd Co',   '2014-03-14');
INSERT INTO Researcher (researcher_id, researcher_name, researcher_lastname, researcher_birthdate, researcher_gender, org_name, hire) VALUES ('65-7208996', 'Aurore', 'Rafter',      '1967-12-04','Female', 'Balotteli, Ogonsuto nd Co',  '2011-05-15');
INSERT INTO Researcher (researcher_id, researcher_name, researcher_lastname, researcher_birthdate, researcher_gender, org_name, hire) VALUES ('23-3608106', 'Modestine', 'Cranston', '1977-03-16','Female','Balotteli, Ogonsuto nd Co',   '2014-02-08');
INSERT INTO Researcher (researcher_id, researcher_name, researcher_lastname, researcher_birthdate, researcher_gender, org_name, hire) VALUES ('66-0250036', 'Phil', 'Fiorentino',    '1999-07-27', 'Male', 'Reimman,Strauss and John',   '2010-09-23');
INSERT INTO Researcher (researcher_id, researcher_name, researcher_lastname, researcher_birthdate, researcher_gender, org_name, hire) VALUES ('57-6371563', 'Oona', 'Feldmesser',    '1972-09-29', 'Female', 'Reimman,Strauss and John', '2011-02-20');
INSERT INTO Researcher (researcher_id, researcher_name, researcher_lastname, researcher_birthdate, researcher_gender, org_name, hire) VALUES ('58-5184645', 'Lindon', 'Gifkins',     '1960-06-30', 'Male', 'Reimman,Strauss and John',   '2011-09-25');
INSERT INTO Researcher (researcher_id, researcher_name, researcher_lastname, researcher_birthdate, researcher_gender, org_name, hire) VALUES ('44-3851266', 'Wyatan', 'De Francisci','1960-04-20', 'Male', 'Waelchi, Anderson and Zboncak',    '2012-07-01');
INSERT INTO Researcher (researcher_id, researcher_name, researcher_lastname, researcher_birthdate, researcher_gender, org_name, hire) VALUES ('90-5610707', 'Alfy', 'Petch',         '1978-11-22','Female', 'Waelchi, Anderson and Zboncak',   '2013-08-31');
INSERT INTO Researcher (researcher_id, researcher_name, researcher_lastname, researcher_birthdate, researcher_gender, org_name, hire) VALUES ('73-0598174', 'Therine', 'Scrivener',  '1987-05-17','Female', 'Waelchi, Anderson and Zboncak',   '2011-06-29');
INSERT INTO Researcher (researcher_id, researcher_name, researcher_lastname, researcher_birthdate, researcher_gender, org_name, hire) VALUES ('75-3367468', 'Egbert', 'Stoller',     '1960-12-14', 'Male', 'Rutherford, Leannon and Graham',   '2010-06-14');
INSERT INTO Researcher (researcher_id, researcher_name, researcher_lastname, researcher_birthdate, researcher_gender, org_name, hire) VALUES ('82-3866938', 'Lorens', 'Dagless',     '1980-05-10', 'Male', 'Rutherford, Leannon and Graham',   '2012-05-25');
INSERT INTO Researcher (researcher_id, researcher_name, researcher_lastname, researcher_birthdate, researcher_gender, org_name, hire) VALUES ('61-5686409', 'Harv', 'Carbry',        '1967-09-08','Male', 'Kiehn Group',                       '2013-06-02');
INSERT INTO Researcher (researcher_id, researcher_name, researcher_lastname, researcher_birthdate, researcher_gender, org_name, hire) VALUES ('96-1336721', 'Dru', 'Beeck',          '1968-06-06', 'Male', 'Kiehn Group',                      '2011-11-28');
INSERT INTO Researcher (researcher_id, researcher_name, researcher_lastname, researcher_birthdate, researcher_gender, org_name, hire) VALUES ('56-2153184', 'Darryl', 'Nenci',       '1994-09-01','Female', 'Olympia Group',      '2012-11-11');
INSERT INTO Researcher (researcher_id, researcher_name, researcher_lastname, researcher_birthdate, researcher_gender, org_name, hire) VALUES ('91-2314903', 'Fae', 'Noakes',         '1978-08-10', 'Female', 'Olympia Group',     '2012-01-07');
INSERT INTO Researcher (researcher_id, researcher_name, researcher_lastname, researcher_birthdate, researcher_gender, org_name, hire) VALUES ('84-6018143', 'Spears', 'Brit',    	 '1990-05-15', 'Female', 'Gislason Inc',                   '2012-01-03');
INSERT INTO Researcher (researcher_id, researcher_name, researcher_lastname, researcher_birthdate, researcher_gender, org_name, hire) VALUES ('26-3543581', 'Jewelle', 'Haslehurst', '1960-10-21','Female', 'Gislason Inc',                    '2012-05-28');
INSERT INTO Researcher (researcher_id, researcher_name, researcher_lastname, researcher_birthdate, researcher_gender, org_name, hire) VALUES ('79-5290438', 'Laughton', 'Coston',    '1976-04-06', 'Male', 'Janice, Robert and Dough',         '2012-07-19');
INSERT INTO Researcher (researcher_id, researcher_name, researcher_lastname, researcher_birthdate, researcher_gender, org_name, hire) VALUES ('56-7923899', 'Fancie', 'Klemmt',      '1975-04-09','Female', 'Janice, Robert and Dough',        '2013-03-01');
INSERT INTO Researcher (researcher_id, researcher_name, researcher_lastname, researcher_birthdate, researcher_gender, org_name, hire) VALUES ('80-2962225', 'Alexandra', 'Denver',   '1992-01-13', 'Female', 'Schamberger-Torp',               '2013-02-07');
INSERT INTO Researcher (researcher_id, researcher_name, researcher_lastname, researcher_birthdate, researcher_gender, org_name, hire) VALUES ('02-8485718', 'Dev', 'Dolden',         '1981-06-13', 'Male', 'Schamberger-Torp',                 '2011-08-08');
INSERT INTO Researcher (researcher_id, researcher_name, researcher_lastname, researcher_birthdate, researcher_gender, org_name, hire) VALUES ('31-3151845', 'Marco', 'Adrienne',     '1980-03-06', 'Male', 'Marks Inc',                        '2011-04-14');
INSERT INTO Researcher (researcher_id, researcher_name, researcher_lastname, researcher_birthdate, researcher_gender, org_name, hire) VALUES ('89-1989742', 'Stillman', 'Robion',    '1997-09-05', 'Male', 'Marks Inc',                        '2014-05-14');
INSERT INTO Researcher (researcher_id, researcher_name, researcher_lastname, researcher_birthdate, researcher_gender, org_name, hire) VALUES ('32-0034181', 'Murial', 'Ditty',       '1998-12-12', 'Female', 'Marks Inc',                      '2013-04-25');
INSERT INTO Researcher (researcher_id, researcher_name, researcher_lastname, researcher_birthdate, researcher_gender, org_name, hire) VALUES ('80-3377595', 'Tiler', 'Rossin',       '1993-04-08', 'Male', 'Hyatt, Krajcik and Hand',          '2010-09-23');
INSERT INTO Researcher (researcher_id, researcher_name, researcher_lastname, researcher_birthdate, researcher_gender, org_name, hire) VALUES ('44-5730907', 'Gerianna', 'Sabie',     '1984-09-02', 'Female', 'Hyatt, Krajcik and Hand',        '2012-09-11');
INSERT INTO Researcher (researcher_id, researcher_name, researcher_lastname, researcher_birthdate, researcher_gender, org_name, hire) VALUES ('65-3301338', 'Barty', 'Edwardes',     '1970-02-07', 'Male', 'Lebsack Inc',                      '2013-10-29');
INSERT INTO Researcher (researcher_id, researcher_name, researcher_lastname, researcher_birthdate, researcher_gender, org_name, hire) VALUES ('75-4457670', 'Philip', 'Coan',        '1999-01-08', 'Male', 'Lebsack Inc',                      '2011-11-14');
INSERT INTO Researcher (researcher_id, researcher_name, researcher_lastname, researcher_birthdate, researcher_gender, org_name, hire) VALUES ('49-3336363', 'Elyse', 'Hendrikse',    '1962-04-15', 'Female', 'Lebsack Inc',                    '2012-08-09');
INSERT INTO Researcher (researcher_id, researcher_name, researcher_lastname, researcher_birthdate, researcher_gender, org_name, hire) VALUES ('86-1391116', 'Baudoin', 'Meron',      '1968-04-19', 'Male', 'Schuppe-Schaefer',                 '2013-03-25');
INSERT INTO Researcher (researcher_id, researcher_name, researcher_lastname, researcher_birthdate, researcher_gender, org_name, hire) VALUES ('37-1732363', 'Dolli', 'Serrell',      '1982-01-26', 'Female', 'Schuppe-Schaefer',               '2011-06-18');
INSERT INTO Researcher (researcher_id, researcher_name, researcher_lastname, researcher_birthdate, researcher_gender, org_name, hire) VALUES ('34-9272947', 'Wilona', 'Gentzsch',    '1974-06-01', 'Female', 'Nader-Sporer',                   '2011-06-19');
INSERT INTO Researcher (researcher_id, researcher_name, researcher_lastname, researcher_birthdate, researcher_gender, org_name, hire) VALUES ('59-7382728', 'Mariejeanne', 'Senter', '1968-10-10','Female', 'Nader-Sporer',                    '2010-09-05');
INSERT INTO Researcher (researcher_id, researcher_name, researcher_lastname, researcher_birthdate, researcher_gender, org_name, hire) VALUES ('85-9789264', 'Haley', 'Yearnes',      '1998-05-23', 'Female', 'Nader-Sporer',                   '2011-12-13');
INSERT INTO Researcher (researcher_id, researcher_name, researcher_lastname, researcher_birthdate, researcher_gender, org_name, hire) VALUES ('58-8532721', 'Cozmo', 'Fennelly',     '1972-06-18', 'Male', 'Berge-Kilback',                    '2014-03-26');
INSERT INTO Researcher (researcher_id, researcher_name, researcher_lastname, researcher_birthdate, researcher_gender, org_name, hire) VALUES ('06-3664612', 'Alyse', 'Billiard',     '1992-05-05', 'Female', 'Berge-Kilback',                  '2010-08-12');
INSERT INTO Researcher (researcher_id, researcher_name, researcher_lastname, researcher_birthdate, researcher_gender, org_name, hire) VALUES ('52-4418450', 'Norine', 'Keates',      '1971-09-22', 'Female', 'Berge-Kilback',                  '2012-04-19');
INSERT INTO Researcher (researcher_id, researcher_name, researcher_lastname, researcher_birthdate, researcher_gender, org_name, hire) VALUES ('01-7655902', 'Imogen', 'Erie',        '1983-06-23', 'Female', 'Larson-Lindgren',                '2014-04-05');
INSERT INTO Researcher (researcher_id, researcher_name, researcher_lastname, researcher_birthdate, researcher_gender, org_name, hire) VALUES ('54-1107828', 'Daffy', 'Dering',       '1965-12-03','Female', 'Larson-Lindgren',                 '2010-06-20');
INSERT INTO Researcher (researcher_id, researcher_name, researcher_lastname, researcher_birthdate, researcher_gender, org_name, hire) VALUES ('81-0428271', 'John', 'Kadaf',    	 '1964-09-07', 'Male', 'Sawayn-Lakin',                     '2011-11-24');
INSERT INTO Researcher (researcher_id, researcher_name, researcher_lastname, researcher_birthdate, researcher_gender, org_name, hire) VALUES ('70-9210106', 'Hali', 'Yakovlev',      '1992-02-20', 'Female', 'Sawayn-Lakin',                   '2012-08-06');
INSERT INTO Researcher (researcher_id, researcher_name, researcher_lastname, researcher_birthdate, researcher_gender, org_name, hire) VALUES ('07-1834817', 'Neil', 'DeGras',    	 '1986-09-23', 'Male', 'Sawayn-Lakin',                     '2011-05-18');
INSERT INTO Researcher (researcher_id, researcher_name, researcher_lastname, researcher_birthdate, researcher_gender, org_name, hire) VALUES ('72-0113775', 'Ma', 'Ambert',       	 '1986-08-11', 'Female', 'Koepp, Luettgen and Ratke',      '2012-12-13');
INSERT INTO Researcher (researcher_id, researcher_name, researcher_lastname, researcher_birthdate, researcher_gender, org_name, hire) VALUES ('98-3729080', 'Albert', 'Mustoo',      '1981-04-13', 'Male', 'Koepp, Luettgen and Ratke',        '2011-10-24');
INSERT INTO Researcher (researcher_id, researcher_name, researcher_lastname, researcher_birthdate, researcher_gender, org_name, hire) VALUES ('30-1311536', 'Barnaby','Bickerstasse','1966-03-26', 'Male', 'Koepp, Luettgen and Ratke',        '2010-12-31');
INSERT INTO Researcher (researcher_id, researcher_name, researcher_lastname, researcher_birthdate, researcher_gender, org_name, hire) VALUES ('41-5951956', 'Dunstan', 'Kramer',     '1978-05-12', 'Male', 'Monahan Inc',                      '2010-09-28');
INSERT INTO Researcher (researcher_id, researcher_name, researcher_lastname, researcher_birthdate, researcher_gender, org_name, hire) VALUES ('47-3388341', 'Larry', 'Fritz',        '1973-09-04', 'Male', 'Monahan Inc',                      '2011-03-06');
INSERT INTO Researcher (researcher_id, researcher_name, researcher_lastname, researcher_birthdate, researcher_gender, org_name, hire) VALUES ('66-6865693', 'Madeline', 'Tidbold',   '1992-12-22', 'Female', 'Gulgowski Group',                '2014-04-18');
INSERT INTO Researcher (researcher_id, researcher_name, researcher_lastname, researcher_birthdate, researcher_gender, org_name, hire) VALUES ('01-7958373', 'Alard', 'Renowden',     '1983-02-06','Male', 'Gulgowski Group',                   '2011-05-01');
INSERT INTO Researcher (researcher_id, researcher_name, researcher_lastname, researcher_birthdate, researcher_gender, org_name, hire) VALUES ('83-4471684', 'Maxim', 'Paraman',      '1971-05-18', 'Male', 'Gulgowski Group',                  '2013-01-25');
INSERT INTO Researcher (researcher_id, researcher_name, researcher_lastname, researcher_birthdate, researcher_gender, org_name, hire) VALUES ('41-0559392', 'Briney', 'Woltman',     '1984-10-28','Female', 'Gulgowski Group',                 '2013-01-24');
INSERT INTO Researcher (researcher_id, researcher_name, researcher_lastname, researcher_birthdate, researcher_gender, org_name, hire) VALUES ('94-6898825', 'Berry', 'Boag',         '1962-02-13', 'Female', 'Stehr, Bechtelar and Thompson',  '2011-12-11');
INSERT INTO Researcher (researcher_id, researcher_name, researcher_lastname, researcher_birthdate, researcher_gender, org_name, hire) VALUES ('33-2577532', 'Kristyn', 'Humblestone','1981-01-26','Female', 'Deckow Inc',                      '2012-06-25');
INSERT INTO Researcher (researcher_id, researcher_name, researcher_lastname, researcher_birthdate, researcher_gender, org_name, hire) VALUES ('65-1137987', 'Bay', 'Sambell',        '1993-03-18', 'Male', 'Deckow Inc',                       '2011-01-16');
INSERT INTO Researcher (researcher_id, researcher_name, researcher_lastname, researcher_birthdate, researcher_gender, org_name, hire) VALUES ('99-8658179', 'Marchelle', 'Blissitt', '1980-11-30', 'Female', 'Stehr, Bechtelar and Thompson',  '2011-11-28');
INSERT INTO Researcher (researcher_id, researcher_name, researcher_lastname, researcher_birthdate, researcher_gender, org_name, hire) VALUES ('35-8449691', 'Sutton', 'Buxcey',      '1978-12-13', 'Male','Stehr, Bechtelar and Thompson',     '2014-01-04');
INSERT INTO Researcher (researcher_id, researcher_name, researcher_lastname, researcher_birthdate, researcher_gender, org_name, hire) VALUES ('04-2727589', 'Wilek', 'Smithe',       '1992-11-20', 'Male', 'Casper, Steuber and Ullrich',      '2014-04-15');
INSERT INTO Researcher (researcher_id, researcher_name, researcher_lastname, researcher_birthdate, researcher_gender, org_name, hire) VALUES ('13-4169183', 'Didi', 'Pitkethly',     '1962-08-15','Female', 'Casper, Steuber and Ullrich',     '2013-01-09');
INSERT INTO Researcher (researcher_id, researcher_name, researcher_lastname, researcher_birthdate, researcher_gender, org_name, hire) VALUES ('14-5638676', 'Allina', 'Hanstock',    '1989-02-06', 'Female', 'Casper, Steuber and Ullrich',    '2012-01-26');
INSERT INTO Researcher (researcher_id, researcher_name, researcher_lastname, researcher_birthdate, researcher_gender, org_name, hire) VALUES ('12-0612059', 'Lane', 'Hampshaw',      '1979-09-02','Male', 'Reynolds, Rowe and Corwin',         '2010-11-26');
INSERT INTO Researcher (researcher_id, researcher_name, researcher_lastname, researcher_birthdate, researcher_gender, org_name, hire) VALUES ('25-9679535', 'Melessa', 'McLorinan',  '1975-08-07', 'Female', 'Reynolds, Rowe and Corwin',      '2011-01-10');
INSERT INTO Researcher (researcher_id, researcher_name, researcher_lastname, researcher_birthdate, researcher_gender, org_name, hire) VALUES ('73-5716870', 'Gretta', 'Caberas',     '1990-07-26', 'Female', 'Reynolds, Rowe and Corwin',      '2012-10-14');
INSERT INTO Researcher (researcher_id, researcher_name, researcher_lastname, researcher_birthdate, researcher_gender, org_name, hire) VALUES ('90-7164353', 'Benedick', 'Biggar',    '1986-03-10', 'Male', 'Hahn-Breitenberg',                 '2012-09-27');
INSERT INTO Researcher (researcher_id, researcher_name, researcher_lastname, researcher_birthdate, researcher_gender, org_name, hire) VALUES ('19-1421961', 'Jeremie', 'Filippov',   '1976-04-21', 'Male', 'Hahn-Breitenberg',                 '2010-07-02');
INSERT INTO Researcher (researcher_id, researcher_name, researcher_lastname, researcher_birthdate, researcher_gender, org_name, hire) VALUES ('66-8061670', 'Helen-elizabeth','Struis','1982-12-06', 'Female', 'Hahn-Breitenberg',             '2011-04-21');
INSERT INTO Researcher (researcher_id, researcher_name, researcher_lastname, researcher_birthdate, researcher_gender, org_name, hire) VALUES ('48-4736123', 'Cherilynn', 'Drummer',  '1975-11-26', 'Female', 'Gorczany, Corwin and Prosacco',  '2012-06-05');
INSERT INTO Researcher (researcher_id, researcher_name, researcher_lastname, researcher_birthdate, researcher_gender, org_name, hire) VALUES ('59-2799946', 'Miles', 'Freear',       '1993-12-04', 'Male', 'Gorczany, Corwin and Prosacco',    '2014-01-30');
INSERT INTO Researcher (researcher_id, researcher_name, researcher_lastname, researcher_birthdate, researcher_gender, org_name, hire) VALUES ('75-4154089', 'Javier', 'Scammonden',  '1976-11-29', 'Male', 'Gorczany, Corwin and Prosacco',    '2013-06-19');
INSERT INTO Researcher (researcher_id, researcher_name, researcher_lastname, researcher_birthdate, researcher_gender, org_name, hire) VALUES ('54-4784310', 'Mendel', 'Redemile',    '1989-01-23', 'Male', 'Corkery and Sons',                 '2011-02-13');
INSERT INTO Researcher (researcher_id, researcher_name, researcher_lastname, researcher_birthdate, researcher_gender, org_name, hire) VALUES ('22-1694211', 'Helene', 'Francino',    '1989-09-03', 'Female', 'Corkery and Sons',               '2013-05-12');
INSERT INTO Researcher (researcher_id, researcher_name, researcher_lastname, researcher_birthdate, researcher_gender, org_name, hire) VALUES ('42-1765025', 'Kalle', 'Petriello',    '1967-07-27', 'Male', 'Effertz-Hayes',                    '2011-02-17');
INSERT INTO Researcher (researcher_id, researcher_name, researcher_lastname, researcher_birthdate, researcher_gender, org_name, hire) VALUES ('13-6264661', 'Giffie', 'Zannotelli',  '1971-01-21','Male', 'Effertz-Hayes',                     '2013-10-24');
INSERT INTO Researcher (researcher_id, researcher_name, researcher_lastname, researcher_birthdate, researcher_gender, org_name, hire) VALUES ('06-1291568', 'Jamill', 'Nattrass',    '1969-03-21', 'Male', 'Will LLC',                         '2011-02-17');
INSERT INTO Researcher (researcher_id, researcher_name, researcher_lastname, researcher_birthdate, researcher_gender, org_name, hire) VALUES ('94-3082451', 'Dionysus', 'Waldera',   '1969-06-15', 'Male', 'Will LLC',                         '2010-07-04');
INSERT INTO Researcher (researcher_id, researcher_name, researcher_lastname, researcher_birthdate, researcher_gender, org_name, hire) VALUES ('26-3877947', 'RLee', 'Botfield',      '1988-01-25','Male', 'Bahringer-Turner',                  '2011-04-23');
INSERT INTO Researcher (researcher_id, researcher_name, researcher_lastname, researcher_birthdate, researcher_gender, org_name, hire) VALUES ('78-4804464', 'Cull', 'Hansie',        '1989-10-21', 'Male', 'Bahringer-Turner',                 '2013-03-23');
INSERT INTO Researcher (researcher_id, researcher_name, researcher_lastname, researcher_birthdate, researcher_gender, org_name, hire) VALUES ('39-4440676', 'Pace', 'Vanezis',       '1978-01-31', 'Male', 'Mante, Krajcik and Klein',         '2013-07-07');
INSERT INTO Researcher (researcher_id, researcher_name, researcher_lastname, researcher_birthdate, researcher_gender, org_name, hire) VALUES ('76-7942650', 'Terencio', 'Nuzzti',    '1999-03-31', 'Male', 'Mante, Krajcik and Klein',         '2011-03-20');
INSERT INTO Researcher (researcher_id, researcher_name, researcher_lastname, researcher_birthdate, researcher_gender, org_name, hire) VALUES ('75-6076537', 'Fabe', 'O''Neary',      '1982-11-07', 'Male', 'Huels-Bashirian',                  '2011-04-11');
INSERT INTO Researcher (researcher_id, researcher_name, researcher_lastname, researcher_birthdate, researcher_gender, org_name, hire) VALUES ('58-2347723', 'Jasen', 'Mussett',      '1976-06-15', 'Male', 'Huels-Bashirian',                  '2011-11-09');
INSERT INTO Researcher (researcher_id, researcher_name, researcher_lastname, researcher_birthdate, researcher_gender, org_name, hire) VALUES ('21-4896133', 'Emylee', 'Endley',      '1984-11-06','Female', 'Weissnat-Nitzsche',               '2011-10-28');
INSERT INTO Researcher (researcher_id, researcher_name, researcher_lastname, researcher_birthdate, researcher_gender, org_name, hire) VALUES ('27-0538620', 'Barde', 'Vian',         '1968-05-18','Male', 'Weissnat-Nitzsche',                 '2013-04-25');
INSERT INTO Researcher (researcher_id, researcher_name, researcher_lastname, researcher_birthdate, researcher_gender, org_name, hire) VALUES ('65-5493124', 'Cirstoforo', 'Haquin',  '1971-12-28', 'Male', 'Gislason-Leuschke',                '2013-08-09');
INSERT INTO Researcher (researcher_id, researcher_name, researcher_lastname, researcher_birthdate, researcher_gender, org_name, hire) VALUES ('04-2333861', 'Elna', 'di Rocca',      '1999-01-27', 'Female', 'Gislason-Leuschke',              '2012-03-16');
INSERT INTO Researcher (researcher_id, researcher_name, researcher_lastname, researcher_birthdate, researcher_gender, org_name, hire) VALUES ('97-0436904', 'Egbert', 'Kisbee',      '1988-07-17', 'Male', 'Gislason-Leuschke',                '2013-09-01');
INSERT INTO Researcher (researcher_id, researcher_name, researcher_lastname, researcher_birthdate, researcher_gender, org_name, hire) VALUES ('22-4783939', 'Hali', 'Degoy',         '1966-05-29','Female', 'Erdman-Nader',                    '2013-03-01');
INSERT INTO Researcher (researcher_id, researcher_name, researcher_lastname, researcher_birthdate, researcher_gender, org_name, hire) VALUES ('44-8992806', 'Kennedy', 'Marilynse',  '1986-11-22', 'Male', 'Erdman-Nader',                     '2012-04-23');
INSERT INTO Researcher (researcher_id, researcher_name, researcher_lastname, researcher_birthdate, researcher_gender, org_name, hire) VALUES ('81-7250081', 'Orazio', 'Grahlmans',   '1983-07-16', 'Male', 'Erdman-Nader',                     '2013-07-09');
INSERT INTO Researcher (researcher_id, researcher_name, researcher_lastname, researcher_birthdate, researcher_gender, org_name, hire) VALUES ('67-9990754', 'Sauncho', 'Leonardi',   '1993-04-19', 'Male', 'Kerluke Inc',                      '2011-09-07');
INSERT INTO Researcher (researcher_id, researcher_name, researcher_lastname, researcher_birthdate, researcher_gender, org_name, hire) VALUES ('28-2420815', 'Doti', 'Blaymires',     '1984-06-02', 'Female', 'Kerluke Inc',                    '2012-08-17');



INSERT INTO Project (project_title, ID, project_start, project_end, budget, admin_id, program_name, evaluation_id, researcher_id, org_name, chief_researcher, project_brief) VALUES ('X-find',      1111,'2014-04-10','2017-08-25', 12929, '399871778', 'Ullamcorper Nisl Corp.', 12929, '32-0034181', 'Bednar, Anderson and Torp','21-5487477' , 'Nulla ut erat id mauris vulputate elementum. Nullam varius. Nulla facilisi.');
INSERT INTO Project (project_title, ID, project_start, project_end, budget, admin_id, program_name, evaluation_id, researcher_id, org_name, chief_researcher, project_brief) VALUES ('Zathin',      1112,'2014-09-12','2016-12-04', 22920, '598635218', 'Conubia Nostra Per Incorporated', 81503, '80-3377595', 'Kerluke Inc','28-2420815' , 'Aenean fermentum. Donec ut mauris eget massa tempor convallis. Nulla neque libero, convallis eget, eleifend luctus, ultricies eu, nibh.');
INSERT INTO Project (project_title, ID, project_start, project_end, budget, admin_id, program_name, evaluation_id, researcher_id, org_name, chief_researcher, project_brief) VALUES ('Opela',       1113,'2014-10-06','2017-02-02', 96049, '083794681', 'Nec Diam Consulting', 30052, '44-5730907', 'Erdman-Nader','81-7250081' , 'Nulla ut erat id mauris vulputate elementum. Nullam varius. Nulla facilisi.');
INSERT INTO Project (project_title, ID, project_start, project_end, budget, admin_id, program_name, evaluation_id, researcher_id, org_name, chief_researcher, project_brief) VALUES ('Y-find',      1114,'2014-10-02','2016-10-29', 42365, '592004101', 'Arcu Vestibulum Consulting', 65782, '65-3301338', 'Gislason-Leuschke','97-0436904' , 'Duis aliquam convallis nunc. Proin at turpis a pede posuere nonummy. Integer non velit.');
INSERT INTO Project (project_title, ID, project_start, project_end, budget, admin_id, program_name, evaluation_id, researcher_id, org_name, chief_researcher, project_brief) VALUES ('Stronghold',  1115,'2014-06-02','2016-08-07', 71206, '683818199', 'Maecenas Libero PC', 56106, '75-4457670', 'Weissnat-Nitzsche','27-0538620' , 'Fusce posuere felis sed lacus. Morbi sem mauris, laoreet ut, rhoncus aliquet, pulvinar sed, nisl. Nunc rhoncus dui vel sem.');
INSERT INTO Project (project_title, ID, project_start, project_end, budget, admin_id, program_name, evaluation_id, researcher_id, org_name, chief_researcher, project_brief) VALUES ('Konklux',     1116,'2014-01-17','2017-06-07', 55827, '469083205', 'Sodales Elit Erat Corporation', 98393, '49-3336363', 'Huels-Bashirian','58-2347723' , 'Phasellus in felis. Donec semper sapien a libero. Nam dui.');
INSERT INTO Project (project_title, ID, project_start, project_end, budget, admin_id, program_name, evaluation_id, researcher_id, org_name, chief_researcher, project_brief) VALUES ('Home Ing',    1117,'2014-06-29','2016-11-17', 54452, '206777246', 'Cursus Et LLC', 13967, '86-1391116', 'Mante, Krajcik and Klein', '76-7942650', 'Curabitur gravida nisi at nibh. In hac habitasse platea dictumst. Aliquam augue quam, sollicitudin vitae, consectetuer eget, rutrum at, lorem.');
INSERT INTO Project (project_title, ID, project_start, project_end, budget, admin_id, program_name, evaluation_id, researcher_id, org_name, chief_researcher, project_brief) VALUES ('Sonair',      1118,'2014-02-26','2016-09-14', 55912, '809450101', 'Et Foundation', 92245, '37-1732363', 'Bahringer-Turner','78-4804464' , 'Nullam porttitor lacus at turpis. Donec posuere metus vitae ipsum. Aliquam non mauris.');
INSERT INTO Project (project_title, ID, project_start, project_end, budget, admin_id, program_name, evaluation_id, researcher_id, org_name, chief_researcher, project_brief) VALUES ('Duobam',      1119,'2014-10-18','2016-04-04', 36924, '697921952', 'Dignissim Tempor Corp.', 22920, '34-9272947', 'Will LLC', '06-1291568', 'Lorem ipsum dolor sit amet, consectetuer adipiscing elit. Proin risus. Praesent lectus.');
INSERT INTO Project (project_title, ID, project_start, project_end, budget, admin_id, program_name, evaluation_id, researcher_id, org_name, chief_researcher, project_brief) VALUES ('Cardify',     1120,'2014-08-27','2017-08-28', 42093, '653840584', 'Nec Ante Corporation', 17524, '59-7382728', 'Effertz-Hayes','13-6264661' , 'Praesent id massa id nisl venenatis lacinia. Aenean sit amet justo. Morbi ut odio.');
INSERT INTO Project (project_title, ID, project_start, project_end, budget, admin_id, program_name, evaluation_id, researcher_id, org_name, chief_researcher, project_brief) VALUES ('Konklab',     1121,'2014-07-24','2016-09-19', 35347, '444584604', 'Nunc Laoreet Corporation', 26748, '85-9789264', 'Corkery and Sons','22-1694211' , 'Maecenas tristique, est et tempus semper, est quam pharetra magna, ac consequat metus sapien ut nunc. Vestibulum ante ipsum primis in faucibus orci luctus et ultrices posuere cubilia Curae; Mauris viverra diam vitae quam. Suspendisse potenti.');
INSERT INTO Project (project_title, ID, project_start, project_end, budget, admin_id, program_name, evaluation_id, researcher_id, org_name, chief_researcher, project_brief) VALUES ('Stringsoft',  1122,'2014-05-17','2016-04-05', 85233, '628672430', 'Interdum Curabitur Dictum PC', '72404', '58-8532721', 'Gorczany, Corwin and Prosacco','75-4154089', 'Nullam porttitor lacus at turpis. Donec posuere metus vitae ipsum. Aliquam non mauris.');
INSERT INTO Project (project_title, ID, project_start, project_end, budget, admin_id, program_name, evaluation_id, researcher_id, org_name, chief_researcher, project_brief) VALUES ('Gembucket',   1123,'2014-07-16','2017-09-17', 17567, '229894375', 'Ornare Lectus Corporation', 96049, '06-3664612', 'Hahn-Breitenberg', '66-8061670', 'Maecenas tristique, est et tempus semper, est quam pharetra magna, ac consequat metus sapien ut nunc. Vestibulum ante ipsum primis in faucibus orci luctus et ultrices posuere cubilia Curae; Mauris viverra diam vitae quam. Suspendisse potenti.');
INSERT INTO Project (project_title, ID, project_start, project_end, budget, admin_id, program_name, evaluation_id, researcher_id, org_name, chief_researcher, project_brief) VALUES ('Tempsoft',    1124,'2014-05-06','2016-12-11', 58357, '579829835', 'Enim Consequat Associates', 79933, '28-6275478', 'Reynolds, Rowe and Corwin','73-5716870' , 'Pellentesque at nulla. Suspendisse potenti. Cras in purus eu magna vulputate luctus.');
INSERT INTO Project (project_title, ID, project_start, project_end, budget, admin_id, program_name, evaluation_id, researcher_id, org_name, chief_researcher, project_brief) VALUES ('Chelsea',     1125,'2014-06-12','2016-08-22', 89954, '093861389', 'Nisi Corp.', 45353, '27-4987637', 'Casper, Steuber and Ullrich','14-5638676' , 'In hac habitasse platea dictumst. Morbi vestibulum, velit id pretium iaculis, diam erat fermentum justo, nec condimentum neque sapien placerat ante. Nulla justo.');
INSERT INTO Project (project_title, ID, project_start, project_end, budget, admin_id, program_name, evaluation_id, researcher_id, org_name, chief_researcher, project_brief) VALUES ('Overhold',    1126,'2014-11-05','2016-12-22', 36610, '328632444', 'Maecenas Malesuada Inc.', 56316, '52-4418450', 'Deckow Inc','65-1137987' , 'Nulla ut erat id mauris vulputate elementum. Nullam varius. Nulla facilisi.');
INSERT INTO Project (project_title, ID, project_start, project_end, budget, admin_id, program_name, evaluation_id, researcher_id, org_name, chief_researcher, project_brief) VALUES ('Klan',        1127,'2014-09-17','2016-03-24', 28539, '688028709', 'Faucibus Incorporated', 18938, '21-5487477', 'Stehr, Bechtelar and Thompson','35-8449691' , 'Maecenas leo odio, condimentum id, luctus nec, molestie sed, justo. Pellentesque viverra pede ac diam. Cras pellentesque volutpat dui.');
INSERT INTO Project (project_title, ID, project_start, project_end, budget, admin_id, program_name, evaluation_id, researcher_id, org_name, chief_researcher, project_brief) VALUES ('Transcof',    1128,'2014-11-03','2017-09-02', 48409, '262947521', 'Est Ac Private_Company', 42365, '57-6036692', 'Gulgowski Group','41-0559392' , 'Praesent blandit. Nam nulla. Integer pede justo, lacinia eget, tincidunt eget, tempus vel, pede.');
INSERT INTO Project (project_title, ID, project_start, project_end, budget, admin_id, program_name, evaluation_id, researcher_id, org_name, chief_researcher, project_brief) VALUES ('Konami',      1129,'2014-11-25','2017-05-27', 82382, '353521305', 'Sit Corp.', 71206, '18-8521574', 'Monahan Inc', '47-3388341', 'In quis justo. Maecenas rhoncus aliquam lacus. Morbi quis tortor id nulla ultrices aliquet.');
INSERT INTO Project (project_title, ID, project_start, project_end, budget, admin_id, program_name, evaluation_id, researcher_id, org_name, chief_researcher, project_brief) VALUES ('Subin',       1130,'2014-10-29','2016-03-17', 71535, '314279904', 'Faucibus Orci Luctus Institute', 55827, '10-1959937', 'Koepp, Luettgen and Ratke','30-1311536' , 'Suspendisse potenti. In eleifend quam a odio. In hac habitasse platea dictumst.');
INSERT INTO Project (project_title, ID, project_start, project_end, budget, admin_id, program_name, evaluation_id, researcher_id, org_name, chief_researcher, project_brief) VALUES ('Westham',     1131,'2021-07-07','2024-05-19', 28053, '266367612', 'Imperdiet Non LLC', 54452, '42-6137875', 'Sawayn-Lakin','07-1834817' , 'Maecenas ut massa quis augue luctus tincidunt. Nulla mollis molestie lorem. Quisque ut erat.');
INSERT INTO Project (project_title, ID, project_start, project_end, budget, admin_id, program_name, evaluation_id, researcher_id, org_name, chief_researcher, project_brief) VALUES ('Fedex',       1132,'2021-05-16','2024-11-01', 66330, '720915690', 'Eu Ultrices Sit Institute', 96895, '04-1434235', 'Larson-Lindgren','54-1107828' , 'Cum sociis natoque penatibus et magnis dis parturient montes, nascetur ridiculus mus. Vivamus vestibulum sagittis sapien. Cum sociis natoque penatibus et magnis dis parturient montes, nascetur ridiculus mus.');
INSERT INTO Project (project_title, ID, project_start, project_end, budget, admin_id, program_name, evaluation_id, researcher_id, org_name, chief_researcher, project_brief) VALUES ('Bitfox',      1133,'2021-10-25','2023-12-01', 45353, '754302096', 'Nulla Tincidunt Consulting', 40101, '56-1151228', 'Berge-Kilback', '52-4418450', 'In hac habitasse platea dictumst. Etiam faucibus cursus urna. Ut tellus.');
INSERT INTO Project (project_title, ID, project_start, project_end, budget, admin_id, program_name, evaluation_id, researcher_id, org_name, chief_researcher, project_brief) VALUES ('Vice',   		1134,'2021-03-16','2024-12-10', 56316, '877380027', 'Duis Gravida Associates', 28053, '76-3260093', 'Nader-Sporer', '85-9789264', 'Cras non velit nec nisi vulputate nonummy. Maecenas tincidunt lacus at velit. Vivamus vel nulla eget eros elementum pellentesque.');
INSERT INTO Project (project_title, ID, project_start, project_end, budget, admin_id, program_name, evaluation_id, researcher_id, org_name, chief_researcher, project_brief) VALUES ('Bamity',      1135,'2021-12-12','2024-12-10', 18938, '785958085', 'Et Magnis Dis Incorporated', 66330, '09-0218370', 'Schuppe-Schaefer','37-1732363' , 'Lorem ipsum dolor sit amet, consectetuer adipiscing elit. Proin risus. Praesent lectus.');
INSERT INTO Project (project_title, ID, project_start, project_end, budget, admin_id, program_name, evaluation_id, researcher_id, org_name, chief_researcher, project_brief) VALUES ('Charge',      1136,'2021-01-09','2024-07-20', 79933, '375045016', 'Arcu Institute', 55912, '65-7208996', 'Lebsack Inc', '49-3336363', 'Etiam vel augue. Vestibulum rutrum rutrum neque. Aenean auctor gravida sem.');
INSERT INTO Project (project_title, ID, project_start, project_end, budget, admin_id, program_name, evaluation_id, researcher_id, org_name, chief_researcher, project_brief) VALUES ('Fix San',     1137,'2021-08-04','2023-06-07', 72404, '349987831', 'Egestas Sed Associates', 36924, '23-3608106', 'Hyatt, Krajcik and Hand', '44-5730907', 'Duis bibendum. Morbi non quam nec dui luctus rutrum. Nulla tellus.');
INSERT INTO Project (project_title, ID, project_start, project_end, budget, admin_id, program_name, evaluation_id, researcher_id, org_name, chief_researcher, project_brief) VALUES ('Bitwolf',     1138,'2021-10-22','2023-04-07', 26748, '553725263', 'Dapibus Gravida Aliquam Ltd', 42093, '66-0250036', 'Marks Inc','32-0034181' , 'Quisque id justo sit amet sapien dignissim vestibulum. Vestibulum ante ipsum primis in faucibus orci luctus et ultrices posuere cubilia Curae; Nulla dapibus dolor vel est. Donec odio justo, sollicitudin ut, suscipit a, feugiat et, eros.');
INSERT INTO Project (project_title, ID, project_start, project_end, budget, admin_id, program_name, evaluation_id, researcher_id, org_name, chief_researcher, project_brief) VALUES ('Fintone',     1139,'2021-12-27','2024-03-25', 17524, '618799800', 'Amet Consectetuer PC', 35347, '57-6371563', 'Schamberger-Torp', '02-8485718', 'Aenean fermentum. Donec ut mauris eget massa tempor convallis. Nulla neque libero, convallis eget, eleifend luctus, ultricies eu, nibh.');
INSERT INTO Project (project_title, ID, project_start, project_end, budget, admin_id, program_name, evaluation_id, researcher_id, org_name, chief_researcher, project_brief) VALUES ('Mat Lam Tam', 1140,'2021-12-12','2024-03-03', 92245, '722653437', 'Sed Congue Corp.', 85233, '58-5184645', 'Janice, Robert and Dough','56-7923899' , 'In quis justo. Maecenas rhoncus aliquam lacus. Morbi quis tortor id nulla ultrices aliquet.');
INSERT INTO Project (project_title, ID, project_start, project_end, budget, admin_id, program_name, evaluation_id, researcher_id, org_name, chief_researcher, project_brief) VALUES ('Exsub',       1141,'2021-09-03','2023-08-18', 13967, '700073807', 'Nunc Foundation', 17567, '44-3851266', 'Gislason Inc', '26-3543581', 'Fusce posuere felis sed lacus. Morbi sem mauris, laoreet ut, rhoncus aliquet, pulvinar sed, nisl. Nunc rhoncus dui vel sem.');
INSERT INTO Project (project_title, ID, project_start, project_end, budget, admin_id, program_name, evaluation_id, researcher_id, org_name, chief_researcher, project_brief) VALUES ('Zoolab',      1142,'2021-02-11','2024-12-18', 98393, '993238168', 'Egestas Ligula Limited', 58357, '90-5610707', 'Olympia Group','91-2314903' , 'Cum sociis natoque penatibus et magnis dis parturient montes, nascetur ridiculus mus. Vivamus vestibulum sagittis sapien. Cum sociis natoque penatibus et magnis dis parturient montes, nascetur ridiculus mus.');
INSERT INTO Project (project_title, ID, project_start, project_end, budget, admin_id, program_name, evaluation_id, researcher_id, org_name, chief_researcher, project_brief) VALUES ('Stim',        1143,'2021-05-21','2023-04-12', 56106, '668451306', 'Consectetuer Euismod Est Limited', 89954, '73-0598174', 'Kiehn Group', '96-1336721', 'Etiam vel augue. Vestibulum rutrum rutrum neque. Aenean auctor gravida sem.');
INSERT INTO Project (project_title, ID, project_start, project_end, budget, admin_id, program_name, evaluation_id, researcher_id, org_name, chief_researcher, project_brief) VALUES ('Vagram',      1144,'2021-10-18','2024-05-03', 65782, '983143779', 'Lectus LLP', 36610, '61-5686409', 'Rutherford, Leannon and Graham','82-3866938' , 'Duis bibendum, felis sed interdum venenatis, turpis enim blandit mi, in porttitor pede justo eu massa. Donec dapibus. Duis at velit eu est congue elementum.');
INSERT INTO Project (project_title, ID, project_start, project_end, budget, admin_id, program_name, evaluation_id, researcher_id, org_name, chief_researcher, project_brief) VALUES ('Veribet',     1145,'2021-04-15','2024-01-08', 30052, '519577252', 'Tincidunt Congue PC', 28539, '82-3866938', 'Waelchi, Anderson and Zboncak','73-0598174' , 'Aenean fermentum. Donec ut mauris eget massa tempor convallis. Nulla neque libero, convallis eget, eleifend luctus, ultricies eu, nibh.');
INSERT INTO Project (project_title, ID, project_start, project_end, budget, admin_id, program_name, evaluation_id, researcher_id, org_name, chief_researcher, project_brief) VALUES ('Nowrap',      1146,'2021-10-06','2023-11-07', 81503, '240512223', 'Elit Corp.', 48409, '75-3367468', 'Reimman,Strauss and John', '58-5184645', 'Nulla ut erat id mauris vulputate elementum. Nullam varius. Nulla facilisi.');
INSERT INTO Project (project_title, ID, project_start, project_end, budget, admin_id, program_name, evaluation_id, researcher_id, org_name, chief_researcher, project_brief) VALUES ('Asa',         1147,'2021-04-18','2024-02-16', 96895, '050350016', 'Risus At Institute', 82382, '96-1336721', 'Balotteli, Ogonsuto nd Co','23-3608106' , 'In quis justo. Maecenas rhoncus aliquam lacus. Morbi quis tortor id nulla ultrices aliquet.');
INSERT INTO Project (project_title, ID, project_start, project_end, budget, admin_id, program_name, evaluation_id, researcher_id, org_name, chief_researcher, project_brief) VALUES ('Ventosanzap', 1148,'2021-10-02','2024-03-21', 40101, '066390764', 'Erat Volutpat Foundation', 71535, '56-2153184', 'Muller, Williamson and Littel', '76-3260093', 'Cum sociis natoque penatibus et magnis dis parturient montes, nascetur ridiculus mus. Vivamus vestibulum sagittis sapien. Cum sociis natoque penatibus et magnis dis parturient montes, nascetur ridiculus mus.');
INSERT INTO Project (project_title, ID, project_start, project_end, budget, admin_id, program_name, evaluation_id, researcher_id, org_name, chief_researcher, project_brief) VALUES ('Tin',         1149,'2021-08-29','2023-12-20', 43506, '350468221', 'Commodo Tincidunt Nibh Inc.', 43506, '91-2314903', 'Rolfson, Lemke and Wilderman', '42-6137875', 'In hac habitasse platea dictumst. Morbi vestibulum, velit id pretium iaculis, diam erat fermentum justo, nec condimentum neque sapien placerat ante. Nulla justo.');
INSERT INTO Project (project_title, ID, project_start, project_end, budget, admin_id, program_name, evaluation_id, researcher_id, org_name, chief_researcher, project_brief) VALUES ('Caviar',      1150,'2021-01-20','2023-05-19', 42092, '159226913', 'Lacus Nulla PC', 42092, '84-6018143', 'The Johnsons','18-8521574' , 'Maecenas tristique, est et tempus semper, est quam pharetra magna, ac consequat metus sapien ut nunc. Vestibulum ante ipsum primis in faucibus orci luctus et ultrices posuere cubilia Curae; Mauris viverra diam vitae quam. Suspendisse potenti.');
INSERT INTO Project (project_title, ID, project_start, project_end, budget, admin_id, program_name, evaluation_id, researcher_id, org_name, chief_researcher, project_brief) VALUES ('Baousi',        1151,'2021-02-17','2024-01-30', 17680, '946319863', 'Metus Facilisis Ltd', 17680, '26-3543581', 'Bednar, Anderson and Torp','28-6275478' , 'Nullam porttitor lacus at turpis. Donec posuere metus vitae ipsum. Aliquam non mauris.');
INSERT INTO Project (project_title, ID, project_start, project_end, budget, admin_id, program_name, evaluation_id, researcher_id, org_name, chief_researcher, project_brief) VALUES ('Pannier',     1152,'2021-11-09','2024-04-22', 36280, '634965324', 'Curabitur PC', 36280, '80-2962225', 'Janice, Robert and Dough','79-5290438' , 'Duis bibendum. Morbi non quam nec dui luctus rutrum. Nulla tellus.');
INSERT INTO Project (project_title, ID, project_start, project_end, budget, admin_id, program_name, evaluation_id, researcher_id, org_name, chief_researcher, project_brief) VALUES ('Rank',        1153,'2021-07-04','2024-10-21', 50811, '015911775', 'Sit Amet Incorporated', 50811, '56-7923899', 'Nader-Sporer','59-7382728' , 'In sagittis dui vel nisl. Duis ac nibh. Fusce lacus purus, aliquet at, feugiat non, pretium quis, lectus.');
INSERT INTO Project (project_title, ID, project_start, project_end, budget, admin_id, program_name, evaluation_id, researcher_id, org_name, chief_researcher, project_brief) VALUES ('Prodder',     1154,'2021-11-26','2024-11-25', 85793, '979005833', 'In Nec Orci Associates', 85793, '79-5290438', 'Casper, Steuber and Ullrich','13-4169183' , 'Suspendisse potenti. In eleifend quam a odio. In hac habitasse platea dictumst.');
INSERT INTO Project (project_title, ID, project_start, project_end, budget, admin_id, program_name, evaluation_id, researcher_id, org_name, chief_researcher, project_brief) VALUES ('Cardguard',   1155,'2021-03-11','2023-07-06', 56019, '714693600', 'Eros Nec Inc.', 56019, '02-8485718', 'Will LLC','94-3082451' , 'Curabitur gravida nisi at nibh. In hac habitasse platea dictumst. Aliquam augue quam, sollicitudin vitae, consectetuer eget, rutrum at, lorem.');
INSERT INTO Project (project_title, ID, project_start, project_end, budget, admin_id, program_name, evaluation_id, researcher_id, org_name, chief_researcher, project_brief) VALUES ('Stringtough', 1156,'2021-02-14','2023-06-25', 12847, '559798851', 'Elementum Purus Accumsan Institute', 12847, '31-3151845', 'Weissnat-Nitzsche','21-4896133' , 'Suspendisse potenti. In eleifend quam a odio. In hac habitasse platea dictumst.');
INSERT INTO Project (project_title, ID, project_start, project_end, budget, admin_id, program_name, evaluation_id, researcher_id, org_name, chief_researcher, project_brief) VALUES ('Wrapsafe',    1157,'2021-04-07','2023-09-17', 66055, '483499227', 'Tristique Corp.', 66055, '89-1989742', 'Casper, Steuber and Ullrich', '04-2727589', 'Nam ultrices, libero non mattis pulvinar, nulla pede ullamcorper augue, a suscipit nulla elit ac nulla. Sed vel enim sit amet nunc viverra dapibus. Nulla suscipit ligula in lacus.');
INSERT INTO Project (project_title, ID, project_start, project_end, budget, admin_id, program_name, evaluation_id, researcher_id, org_name, chief_researcher, project_brief) VALUES ('Bookichi',    1158,'2021-12-01','2024-02-06', 65830, '001405252', 'A Nunc Ltd', 65830, '01-7655902', 'Erdman-Nader','44-8992806' , 'Vestibulum ac est lacinia nisi venenatis tristique. Fusce congue, diam id ornare imperdiet, sapien urna pretium nisl, ut volutpat sapien arcu sed augue. Aliquam erat volutpat.');
INSERT INTO Project (project_title, ID, project_start, project_end, budget, admin_id, program_name, evaluation_id, researcher_id, org_name, chief_researcher, project_brief) VALUES ('Daltfresh',   1159,'2021-09-18','2023-06-18', 91649, '596304177', 'Curabitur Massa Industries', 91649, '54-1107828', 'Kerluke Inc','67-9990754' , 'Etiam vel augue. Vestibulum rutrum rutrum neque. Aenean auctor gravida sem.');
INSERT INTO Project (project_title, ID, project_start, project_end, budget, admin_id, program_name, evaluation_id, researcher_id, org_name, chief_researcher, project_brief) VALUES ('Solarbreeze', 1160,'2021-03-18','2023-09-16', 25026, '433305639', 'Institute de Arte', 12303, '81-0428271', 'The Johnsons','27-4987637' , 'Purus sit amet luctus venenatis lectus magna fringilla urna porttitor. Mauris rhoncus aenean vel elit. Cras ornare arcu dui vivamus arcu. Lectus quam id leo in vitae. Facilisis leo vel fringilla est ullamco.');
INSERT INTO Project (project_title, ID, project_start, project_end, budget, admin_id, program_name, evaluation_id, researcher_id, org_name, chief_researcher, project_brief) VALUES ('Votanikos',	1161,'2022-03-18','2023-09-16',323457, '433305639', 'Institute de Arte', 25026, '81-0428271', 'The Johnsons','57-6036692' , 'Id aliquet lectus proin nibh. Risus commodo viverra maecenas accumsan.');
INSERT INTO Project (project_title, ID, project_start, project_end, budget, admin_id, program_name, evaluation_id, researcher_id, org_name, chief_researcher, project_brief) VALUES ('San Andreas', 1162,'2022-03-18','2023-09-16',298876, '433305639', 'Institute de Arte', 12374, '81-0428271', 'The Johnsons','27-4987637' , 'Ut sem nulla pharetra diam sit amet. Sit amet aliquam id diam.');
INSERT INTO Project (project_title, ID, project_start, project_end, budget, admin_id, program_name, evaluation_id, researcher_id, org_name, chief_researcher, project_brief) VALUES ('Needleman',   1163,'2022-03-18','2023-09-16',133745, '433305639', 'Institute de Arte', 81273, '81-0428271', 'The Johnsons','18-8521574' , 'Cras ornare arcu dui vivamus arcu. Lectus quam id leo in vitae.');
INSERT INTO Project (project_title, ID, project_start, project_end, budget, admin_id, program_name, evaluation_id, researcher_id, org_name, chief_researcher, project_brief) VALUES ('Wunsch',      1164,'2022-03-18','2023-09-16',961129, '433305639', 'Institute de Arte', 49234, '81-0428271', 'The Johnsons','27-4987637' , 'Mi ipsum faucibus vitae aliquet.');
INSERT INTO Project (project_title, ID, project_start, project_end, budget, admin_id, program_name, evaluation_id, researcher_id, org_name, chief_researcher, project_brief) VALUES ('Heisenberg',  1165,'2022-03-18','2023-09-16',961717, '433305639', 'Institute de Arte', 23481, '81-0428271', 'The Johnsons','27-4987637' , 'Vitae nunc sed velit dignissim sodales. Mattis enim ut tellus elementum sagittis vitae et leo duis. ');
INSERT INTO Project (project_title, ID, project_start, project_end, budget, admin_id, program_name, evaluation_id, researcher_id, org_name, chief_researcher, project_brief) VALUES ('Jar',         1166,'2022-03-18','2023-09-16',123217, '433305639', 'Institute de Arte', 23478, '81-0428271', 'The Johnsons','57-6036692' , 'Eu feugiat pretium nibh ipsum consequat nisl vel. Ultrices sagittis orci a scelerisque purus semper eget.');
INSERT INTO Project (project_title, ID, project_start, project_end, budget, admin_id, program_name, evaluation_id, researcher_id, org_name, chief_researcher, project_brief) VALUES ('TheHub',      1167,'2022-03-18','2023-09-16',271982, '433305639', 'Institute de Arte', 60531, '81-0428271', 'The Johnsons','57-6036692' , 'Dui sapien eget mi proin sed libero. Lorem mollis aliquam ut porttitor leo a diam sollicitudin.');
INSERT INTO Project (project_title, ID, project_start, project_end, budget, admin_id, program_name, evaluation_id, researcher_id, org_name, chief_researcher, project_brief) VALUES ('Jauza',       1168,'2022-03-18','2023-09-16',411234, '433305639', 'Institute de Arte', 23845, '81-0428271', 'The Johnsons','18-8521574' , 'Vestibulum lorem sed risus ultricies. Nibh cras pulvinar mattis nunc sed blandit libero volutpat sed.');
INSERT INTO Project (project_title, ID, project_start, project_end, budget, admin_id, program_name, evaluation_id, researcher_id, org_name, chief_researcher, project_brief) VALUES ('Pfodder',     1169,'2022-03-18','2023-09-16',190184, '433305639', 'Institute de Arte', 12387, '81-0428271', 'The Johnsons','57-6036692' , 'Mollis nunc sed id semper risus. Odio aenean sed adipiscing diam donec adipiscing.');
INSERT INTO Project (project_title, ID, project_start, project_end, budget, admin_id, program_name, evaluation_id, researcher_id, org_name, chief_researcher, project_brief) VALUES ('JBL',         1170,'2022-03-18','2023-09-16',320892, '433305639', 'Institute de Arte', 19032, '81-0428271', 'The Johnsons','18-8521574' , 'Orci ac auctor augue mauris augue neque gravida in fermentum. Dignissim enim sit amet venenatis urna cursus eget.');
INSERT INTO Project (project_title, ID, project_start, project_end, budget, admin_id, program_name, evaluation_id, researcher_id, org_name, chief_researcher, project_brief) VALUES ('Desolation',  1171,'2021-03-18','2023-09-16',133123, '433305639', 'Institute de Arte', 91288, '81-0428271', 'The Johnsons','57-6036692' , 'Nibh cras pulvinar mattis nunc sed blandit libero volutpat sed.');
INSERT INTO Project (project_title, ID, project_start, project_end, budget, admin_id, program_name, evaluation_id, researcher_id, org_name, chief_researcher, project_brief) VALUES ('Pick Run Po', 1172,'2021-03-18','2023-09-16',873712, '433305639', 'Institute de Arte', 96834, '81-0428271', 'The Johnsons','57-6036692' , 'Scelerisque felis imperdiet proin fermentum leo vel. Ipsum faucibus vitae aliquet nec ullamcorper sit amet. Semper viverra nam libero justo laoreet sit amet cursus sit');
INSERT INTO Project (project_title, ID, project_start, project_end, budget, admin_id, program_name, evaluation_id, researcher_id, org_name, chief_researcher, project_brief) VALUES ('R nd D',      1173,'2021-03-18','2023-09-16',320948, '433305639', 'Institute de Arte', 76783, '81-0428271', 'The Johnsons','27-4987637' , 'Am donec adipiscing tristique risus nec. Orci ac auctor augue mauris augue neque gravida in fermentum. Dignissim enim sit amet venenatis urna cursus eget. M');
INSERT INTO Project (project_title, ID, project_start, project_end, budget, admin_id, program_name, evaluation_id, researcher_id, org_name, chief_researcher, project_brief) VALUES ('Mina',        1174,'2021-03-18','2023-09-16',213812, '433305639', 'Institute de Arte', 67346, '81-0428271', 'The Johnsons','57-6036692' , 'Scelerisque felis imperdiet proin fermentum leo vel.');
INSERT INTO Project (project_title, ID, project_start, project_end, budget, admin_id, program_name, evaluation_id, researcher_id, org_name, chief_researcher, project_brief) VALUES ('CSC',         1175,'2021-03-18','2023-09-16',756563, '433305639', 'Institute de Arte', 94123, '81-0428271', 'The Johnsons','57-6036692' , 'Porttitor eget dolor morbi non arcu risus quis varius. Sed enim ut sem viverra aliquet eget.');
INSERT INTO Project (project_title, ID, project_start, project_end, budget, admin_id, program_name, evaluation_id, researcher_id, org_name, chief_researcher, project_brief) VALUES ('Johnl',       1176,'2021-03-18','2023-09-16',120323, '433305639', 'Institute de Arte', 34234, '81-0428271', 'The Johnsons','18-8521574' , 'Nibh sed pulvinar proin gravida hendrerit. Neque ornare aenean euismod elementum.');
INSERT INTO Project (project_title, ID, project_start, project_end, budget, admin_id, program_name, evaluation_id, researcher_id, org_name, chief_researcher, project_brief) VALUES ('Chara',       1177,'2021-03-18','2023-09-16',187645, '433305639', 'Institute de Arte', 62384, '81-0428271', 'The Johnsons','18-8521574' , 'Duis ultricies lacus sed turpis. Quam adipiscing vitae proin sagittis nisl rhoncus mattis ');
INSERT INTO Project (project_title, ID, project_start, project_end, budget, admin_id, program_name, evaluation_id, researcher_id, org_name, chief_researcher, project_brief) VALUES ('Bouter',      1178,'2021-03-18','2023-09-16',163525, '433305639', 'Institute de Arte', 12386, '81-0428271', 'The Johnsons','57-6036692' , 'In sagittis dui vel nisl. Duis ac nibh. Fusce lacus purus, aliquet at, feugiat non, pretium quis, lectus.');


INSERT INTO Manages (organization_ID, project_ID) VALUES (2203, 1161);
INSERT INTO Manages (organization_ID, project_ID) VALUES (2203, 1162);
INSERT INTO Manages (organization_ID, project_ID) VALUES (2203, 1163);
INSERT INTO Manages (organization_ID, project_ID) VALUES (2203, 1164);
INSERT INTO Manages (organization_ID, project_ID) VALUES (2203, 1165);
INSERT INTO Manages (organization_ID, project_ID) VALUES (2203, 1166);
INSERT INTO Manages (organization_ID, project_ID) VALUES (2203, 1167);
INSERT INTO Manages (organization_ID, project_ID) VALUES (2203, 1168);
INSERT INTO Manages (organization_ID, project_ID) VALUES (2203, 1169);
INSERT INTO Manages (organization_ID, project_ID) VALUES (2203, 1170);
INSERT INTO Manages (organization_ID, project_ID) VALUES (2203, 1171);
INSERT INTO Manages (organization_ID, project_ID) VALUES (2203, 1172);
INSERT INTO Manages (organization_ID, project_ID) VALUES (2203, 1173);
INSERT INTO Manages (organization_ID, project_ID) VALUES (2203, 1174);
INSERT INTO Manages (organization_ID, project_ID) VALUES (2203, 1175);
INSERT INTO Manages (organization_ID, project_ID) VALUES (2203, 1176);
INSERT INTO Manages (organization_ID, project_ID) VALUES (2203, 1177);
INSERT INTO Manages (organization_ID, project_ID) VALUES (2203, 1178);
INSERT INTO Manages (organization_ID, project_ID) VALUES (2203, 1179);
INSERT INTO Manages (organization_ID, project_ID) VALUES (2203, 1180);
INSERT INTO Manages (organization_ID, project_ID) VALUES (2201, 1111);
INSERT INTO Manages (organization_ID, project_ID) VALUES (2241, 1112);
INSERT INTO Manages (organization_ID, project_ID) VALUES (2240, 1113);
INSERT INTO Manages (organization_ID, project_ID) VALUES (2239, 1114);
INSERT INTO Manages (organization_ID, project_ID) VALUES (2238, 1115);
INSERT INTO Manages (organization_ID, project_ID) VALUES (2237, 1116);
INSERT INTO Manages (organization_ID, project_ID) VALUES (2236, 1117);
INSERT INTO Manages (organization_ID, project_ID) VALUES (2235, 1118);
INSERT INTO Manages (organization_ID, project_ID) VALUES (2234, 1119);
INSERT INTO Manages (organization_ID, project_ID) VALUES (2233, 1120);
INSERT INTO Manages (organization_ID, project_ID) VALUES (2232, 1121);
INSERT INTO Manages (organization_ID, project_ID) VALUES (2231, 1122);
INSERT INTO Manages (organization_ID, project_ID) VALUES (2230, 1123);
INSERT INTO Manages (organization_ID, project_ID) VALUES (2229, 1124);
INSERT INTO Manages (organization_ID, project_ID) VALUES (2228, 1125);
INSERT INTO Manages (organization_ID, project_ID) VALUES (2227, 1126);
INSERT INTO Manages (organization_ID, project_ID) VALUES (2226, 1127);
INSERT INTO Manages (organization_ID, project_ID) VALUES (2225, 1128);
INSERT INTO Manages (organization_ID, project_ID) VALUES (2224, 1129);
INSERT INTO Manages (organization_ID, project_ID) VALUES (2223, 1130);
INSERT INTO Manages (organization_ID, project_ID) VALUES (2222, 1131);
INSERT INTO Manages (organization_ID, project_ID) VALUES (2221, 1132);
INSERT INTO Manages (organization_ID, project_ID) VALUES (2220, 1133);
INSERT INTO Manages (organization_ID, project_ID) VALUES (2219, 1134);
INSERT INTO Manages (organization_ID, project_ID) VALUES (2218, 1135);
INSERT INTO Manages (organization_ID, project_ID) VALUES (2217, 1136);
INSERT INTO Manages (organization_ID, project_ID) VALUES (2216, 1137);
INSERT INTO Manages (organization_ID, project_ID) VALUES (2215, 1138);
INSERT INTO Manages (organization_ID, project_ID) VALUES (2214, 1139);
INSERT INTO Manages (organization_ID, project_ID) VALUES (2213, 1140);
INSERT INTO Manages (organization_ID, project_ID) VALUES (2212, 1141);
INSERT INTO Manages (organization_ID, project_ID) VALUES (2211, 1142);
INSERT INTO Manages (organization_ID, project_ID) VALUES (2210, 1143);
INSERT INTO Manages (organization_ID, project_ID) VALUES (2209, 1144);
INSERT INTO Manages (organization_ID, project_ID) VALUES (2208, 1145);
INSERT INTO Manages (organization_ID, project_ID) VALUES (2207, 1146);
INSERT INTO Manages (organization_ID, project_ID) VALUES (2206, 1147);
INSERT INTO Manages (organization_ID, project_ID) VALUES (2205, 1148);
INSERT INTO Manages (organization_ID, project_ID) VALUES (2204, 1149);
INSERT INTO Manages (organization_ID, project_ID) VALUES (2203, 1150);
INSERT INTO Manages (organization_ID, project_ID) VALUES (2201, 1151);
INSERT INTO Manages (organization_ID, project_ID) VALUES (2213, 1152);
INSERT INTO Manages (organization_ID, project_ID) VALUES (2219, 1153);
INSERT INTO Manages (organization_ID, project_ID) VALUES (2228, 1154);
INSERT INTO Manages (organization_ID, project_ID) VALUES (2234, 1155);
INSERT INTO Manages (organization_ID, project_ID) VALUES (2238, 1156);
INSERT INTO Manages (organization_ID, project_ID) VALUES (2228, 1157);
INSERT INTO Manages (organization_ID, project_ID) VALUES (2240, 1158);
INSERT INTO Manages (organization_ID, project_ID) VALUES (2241, 1159);
INSERT INTO Manages (organization_ID, project_ID) VALUES (2203, 1160);

INSERT INTO Project_Field (field_name, project_title) VALUES ('Business Development','X-find');
INSERT INTO Project_Field (field_name, project_title) VALUES ('Business Development','Zathin');
INSERT INTO Project_Field (field_name, project_title) VALUES ('Business Development','Opela');
INSERT INTO Project_Field (field_name, project_title) VALUES ('Human Resources','Y-find');
INSERT INTO Project_Field (field_name, project_title) VALUES ('Human Resources','Stronghold');
INSERT INTO Project_Field (field_name, project_title) VALUES ('Human Resources','Konklux');
INSERT INTO Project_Field (field_name, project_title) VALUES ('Marketing' ,'Home Ing'); 
INSERT INTO Project_Field (field_name, project_title) VALUES ('Marketing','Sonair');
INSERT INTO Project_Field (field_name, project_title) VALUES ('Marketing','Duobam');
INSERT INTO Project_Field (field_name, project_title) VALUES ('Training','Cardify');
INSERT INTO Project_Field (field_name, project_title) VALUES ('Training','Konklab');
INSERT INTO Project_Field (field_name, project_title) VALUES ('Training','Stringsoft');
INSERT INTO Project_Field (field_name, project_title) VALUES ('Engineering' ,'Gembucket');
INSERT INTO Project_Field (field_name, project_title) VALUES ('Engineering','Tempsoft');
INSERT INTO Project_Field (field_name, project_title) VALUES ('Engineering','Chelsea');
INSERT INTO Project_Field (field_name, project_title) VALUES ('Accounting' ,'Overhold');
INSERT INTO Project_Field (field_name, project_title) VALUES ('Accounting','Klan');
INSERT INTO Project_Field (field_name, project_title) VALUES ('Accounting' ,'Transcof');
INSERT INTO Project_Field (field_name, project_title) VALUES ('Product Management','Konami');
INSERT INTO Project_Field (field_name, project_title) VALUES ('Product Management','Subin');
INSERT INTO Project_Field (field_name, project_title) VALUES ('Product Management','Westham');
INSERT INTO Project_Field (field_name, project_title) VALUES ('Support','Fedex');
INSERT INTO Project_Field (field_name, project_title) VALUES ('Support','Bitfox');
INSERT INTO Project_Field (field_name, project_title) VALUES ('Support' ,'Vice');
INSERT INTO Project_Field (field_name, project_title) VALUES ('Legal','Bamity');
INSERT INTO Project_Field (field_name, project_title) VALUES ('Legal','Charge');
INSERT INTO Project_Field (field_name, project_title) VALUES ('Legal','Fix San');
INSERT INTO Project_Field (field_name, project_title) VALUES ('Services','Bitwolf');
INSERT INTO Project_Field (field_name, project_title) VALUES ('Services','Fintone');
INSERT INTO Project_Field (field_name, project_title) VALUES ('Services','Mat Lam Tam');
INSERT INTO Project_Field (field_name, project_title) VALUES ('Research and Development','Exsub');
INSERT INTO Project_Field (field_name, project_title) VALUES ('Research and Development','Zoolab');
INSERT INTO Project_Field (field_name, project_title) VALUES ('Research and Development' ,'Stim');
INSERT INTO Project_Field (field_name, project_title) VALUES ('Sales','Vagram');
INSERT INTO Project_Field (field_name, project_title) VALUES ('Sales','Veribet');
INSERT INTO Project_Field (field_name, project_title) VALUES ('Sales','Nowrap');
INSERT INTO Project_Field (field_name, project_title) VALUES ('Media and communications','Asa');
INSERT INTO Project_Field (field_name, project_title) VALUES ('Media and communications','Ventosanzap');
INSERT INTO Project_Field (field_name, project_title) VALUES ('Media and communications','Tin');
INSERT INTO Project_Field (field_name, project_title) VALUES ('Social and economic geography','Caviar');
INSERT INTO Project_Field (field_name, project_title) VALUES ('Social and economic geography','Baousi');
INSERT INTO Project_Field (field_name, project_title) VALUES ('Social and economic geography','Pannier');
INSERT INTO Project_Field (field_name, project_title) VALUES ('Economies and Business','Rank');
INSERT INTO Project_Field (field_name, project_title) VALUES ('Economies and Business','Prodder');
INSERT INTO Project_Field (field_name, project_title) VALUES ('Economies and Business','Cardguard');
INSERT INTO Project_Field (field_name, project_title) VALUES ('Psychology','Stringtough');
INSERT INTO Project_Field (field_name, project_title) VALUES ('Psychology' ,'Wrapsafe');
INSERT INTO Project_Field (field_name, project_title) VALUES ('Psychology','Bookichi');
INSERT INTO Project_Field (field_name, project_title) VALUES ('Health Sciences','Daltfresh');
INSERT INTO Project_Field (field_name, project_title) VALUES ('Health Sciences','Solarbreeze');
INSERT INTO Project_Field (field_name, project_title) VALUES ('Health Sciences','X-find');
INSERT INTO Project_Field (field_name, project_title) VALUES ('History and Archaeology','Zathin');
INSERT INTO Project_Field (field_name, project_title) VALUES ('History and Archaeology','Opela');
INSERT INTO Project_Field (field_name, project_title) VALUES ('History and Archaeology','Y-find');
INSERT INTO Project_Field (field_name, project_title) VALUES ('Philosophy, Ethics and Religion','Stronghold');
INSERT INTO Project_Field (field_name, project_title) VALUES ('Philosophy, Ethics and Religion','Konklux');
INSERT INTO Project_Field (field_name, project_title) VALUES ('Philosophy, Ethics and Religion' ,'Home Ing');
INSERT INTO Project_Field (field_name, project_title) VALUES ('Philosophy, Ethics and Religion' ,'Sonair');
INSERT INTO Project_Field (field_name, project_title) VALUES ('Agricultural biotechnology','Duobam');
INSERT INTO Project_Field (field_name, project_title) VALUES ('Agricultural biotechnology','Cardify');
INSERT INTO Project_Field (field_name, project_title) VALUES ('Agricultural biotechnology','Konklab');
INSERT INTO Project_Field (field_name, project_title) VALUES ('Agricultural biotechnology','Stringsoft');
INSERT INTO Project_Field (field_name, project_title) VALUES ('Agriculture, Forestry, and Fisheries','Gembucket');
INSERT INTO Project_Field (field_name, project_title) VALUES ('Agriculture, Forestry, and Fisheries','Tempsoft');
INSERT INTO Project_Field (field_name, project_title) VALUES ('Agriculture, Forestry, and Fisheries','Chelsea');
INSERT INTO Project_Field (field_name, project_title) VALUES ('Agriculture, Forestry, and Fisheries' ,'Overhold');
INSERT INTO Project_Field (field_name, project_title) VALUES ('Medical biotechnology','Klan');
INSERT INTO Project_Field (field_name, project_title) VALUES ('Medical biotechnology','Transcof');
INSERT INTO Project_Field (field_name, project_title) VALUES ('Medical biotechnology','Konami');
INSERT INTO Project_Field (field_name, project_title) VALUES ('Medical biotechnology','Subin');
INSERT INTO Project_Field (field_name, project_title) VALUES ('Basic medicine','Westham');
INSERT INTO Project_Field (field_name, project_title) VALUES ('Basic medicine','Fedex');
INSERT INTO Project_Field (field_name, project_title) VALUES ('Basic medicine','Bitfox');
INSERT INTO Project_Field (field_name, project_title) VALUES ('Basic medicine','Vice');
INSERT INTO Project_Field (field_name, project_title) VALUES ('Nano-technology','Bamity');
INSERT INTO Project_Field (field_name, project_title) VALUES ('Nano-technology','Charge');
INSERT INTO Project_Field (field_name, project_title) VALUES ('Nano-technology','Fix San');
INSERT INTO Project_Field (field_name, project_title) VALUES ('Nano-technology','Bitwolf');
INSERT INTO Project_Field (field_name, project_title) VALUES ('Industrial biotechnology','Fintone');
INSERT INTO Project_Field (field_name, project_title) VALUES ('Industrial biotechnology','Mat Lam Tam');
INSERT INTO Project_Field (field_name, project_title) VALUES ('Industrial biotechnology','Exsub');
INSERT INTO Project_Field (field_name, project_title) VALUES ('Industrial biotechnology','Zoolab');
INSERT INTO Project_Field (field_name, project_title) VALUES ('Environment','Stim');
INSERT INTO Project_Field (field_name, project_title) VALUES ('Environment','Vagram');
INSERT INTO Project_Field (field_name, project_title) VALUES ('Environment','Veribet');
INSERT INTO Project_Field (field_name, project_title) VALUES ('Environment','Nowrap');
INSERT INTO Project_Field (field_name, project_title) VALUES ('Chemical engineering','Asa');
INSERT INTO Project_Field (field_name, project_title) VALUES ('Chemical engineering','Ventosanzap');
INSERT INTO Project_Field (field_name, project_title) VALUES ('Chemical engineering','Tin');
INSERT INTO Project_Field (field_name, project_title) VALUES ('Chemical engineering','Caviar');
INSERT INTO Project_Field (field_name, project_title) VALUES ('Sexology','Baousi');
INSERT INTO Project_Field (field_name, project_title) VALUES ('Sexology','Pannier');
INSERT INTO Project_Field (field_name, project_title) VALUES ('Electrical engineering','Rank');
INSERT INTO Project_Field (field_name, project_title) VALUES ('Electrical engineering','Prodder');
INSERT INTO Project_Field (field_name, project_title) VALUES ('Earth and related Environmental sciences','Cardguard');
INSERT INTO Project_Field (field_name, project_title) VALUES ('Earth and related Environmental sciences','Stringtough');
INSERT INTO Project_Field (field_name, project_title) VALUES ('Physical science' ,'Wrapsafe');
INSERT INTO Project_Field (field_name, project_title) VALUES ('Physical science','Bookichi');
INSERT INTO Project_Field (field_name, project_title) VALUES ('Computer and information sciences','Daltfresh');
INSERT INTO Project_Field (field_name, project_title) VALUES ('Computer and information sciences','Solarbreeze');

INSERT INTO Deliverables (project_title, deliverable_title, brief, delivery_date) VALUES ('X-find',     'EIFS', 'Praesent blandit. Nam nulla. Integer pede justo, lacinia eget, tincidunt eget, tempus vel, pede.'                                                                                                                                                                                                                           , '2022-11-18');
INSERT INTO Deliverables (project_title, deliverable_title, brief, delivery_date) VALUES ('Zathin',      'Overhead Doors', 'Praesent blandit. Nam nulla. Integer pede justo, lacinia eget, tincidunt eget, tempus vel, pede.'                                                                                                                                                                                                                    , '2022-07-18');
INSERT INTO Deliverables (project_title, deliverable_title, brief, delivery_date) VALUES ('Opela',     'Ornamental Railings', 'Phasellus sit amet erat. Nulla tempus. Vivamus in felis eu sapien cursus vestibulum.'                                                                                                                                                                                                                       , '2022-01-19');
INSERT INTO Deliverables (project_title, deliverable_title, brief, delivery_date) VALUES ('Y-find',    'Sitework & Site Utilities', 'Nullam sit amet turpis elementum ligula vehicula consequat. Morbi a ipsum. Integer a nibh.'                                                                                                                                                                                                           , '2022-06-09');
INSERT INTO Deliverables (project_title, deliverable_title, brief, delivery_date) VALUES ('Stronghold','Exterior Signage', 'In sagittis dui vel nisl. Duis ac nibh. Fusce lacus purus, aliquet at, feugiat non, pretium quis, lectus.'                                                                                                                                                                                                     , '2022-12-12');
INSERT INTO Deliverables (project_title, deliverable_title, brief, delivery_date) VALUES ('Konklux',    'Granite Surfaces', 'Proin leo odio, porttitor id, consequat in, consequat ut, nulla. Sed accumsan felis. Ut at dolor quis odio consequat varius.'                                                                                                                                                                                 , '2022-10-01');
INSERT INTO Deliverables (project_title, deliverable_title, brief, delivery_date) VALUES ('Home Ing',  'Landscaping & Irrigation', 'Quisque id justo sit amet sapien dignissim vestibulum. Vestibulum ante ipsum primis in faucibus orci luctus et ultrices posuere cubilia Curae; Nulla dapibus dolor vel est. Donec odio justo, sollicitudin ut, suscipit a, feugiat et, eros.'                                                          , '2022-11-21');
INSERT INTO Deliverables (project_title, deliverable_title, brief, delivery_date) VALUES ('Sonair',         'Wall Protection', 'In hac habitasse platea dictumst. Morbi vestibulum, velit id pretium iaculis, diam erat fermentum justo, nec condimentum neque sapien placerat ante. Nulla justo.'                                                                                                                                                 , '2022-12-23');
INSERT INTO Deliverables (project_title, deliverable_title, brief, delivery_date) VALUES ('Duobam',    'Curb & Gutter', 'Quisque porta volutpat erat. Quisque erat eros, viverra eget, congue eget, semper rutrum, nulla. Nunc purus.'                                                                                                                                                                                                       , '2022-05-24');
INSERT INTO Deliverables (project_title, deliverable_title, brief, delivery_date) VALUES ('Cardify',   'RF Shielding', 'Maecenas leo odio, condimentum id, luctus nec, molestie sed, justo. Pellentesque viverra pede ac diam. Cras pellentesque volutpat dui.'                                                                                                                                                                              , '2022-10-22');
INSERT INTO Deliverables (project_title, deliverable_title, brief, delivery_date) VALUES ('Konklab',    'EIFS', 'Quisque id justo sit amet sapien dignissim vestibulum. Vestibulum ante ipsum primis in faucibus orci luctus et ultrices posuere cubilia Curae; Nulla dapibus dolor vel est. Donec odio justo, sollicitudin ut, suscipit a, feugiat et, eros.'                                                                                 , '2022-04-15');
INSERT INTO Deliverables (project_title, deliverable_title, brief, delivery_date) VALUES ('Stringsoft',  'Waterproofing & Caulking', 'Etiam vel augue. Vestibulum rutrum rutrum neque. Aenean auctor gravida sem.'                                                                                                                                                                                                                              , '2022-11-11');
INSERT INTO Deliverables (project_title, deliverable_title, brief, delivery_date) VALUES ('Gembucket',    'Waterproofing & Caulking', 'Donec diam neque, vestibulum eget, vulputate ut, ultrices vel, augue. Vestibulum ante ipsum primis in faucibus orci luctus et ultrices posuere cubilia Curae; Donec pharetra, magna vestibulum aliquet ultrices, erat tortor sollicitudin mi, sit amet lobortis sapien sapien non mi. Integer ac neque.'  , '2022-04-19');
INSERT INTO Deliverables (project_title, deliverable_title, brief, delivery_date) VALUES ('Tempsoft',     'Plumbing & Medical Gas', 'Quisque porta volutpat erat. Quisque erat eros, viverra eget, congue eget, semper rutrum, nulla. Nunc purus.'                                                                                                                                                                                             , '2022-09-15');
INSERT INTO Deliverables (project_title, deliverable_title, brief, delivery_date) VALUES ('Chelsea',      'Structural & Misc Steel Erection', 'Mauris enim leo, rhoncus sed, vestibulum sit amet, cursus id, turpis. Integer aliquet, massa id lobortis convallis, tortor risus dapibus augue, vel accumsan tellus nisi eu orci. Mauris lacinia sapien quis libero.'                                                                           , '2022-09-29');
INSERT INTO Deliverables (project_title, deliverable_title, brief, delivery_date) VALUES ('Overhold',         'Wall Protection', 'Pellentesque at nulla. Suspendisse potenti. Cras in purus eu magna vulputate luctus.'                                                                                                                                                                                                                              , '2022-01-26');
INSERT INTO Deliverables (project_title, deliverable_title, brief, delivery_date) VALUES ('Klan',          'Epoxy Flooring', 'Cum sociis natoque penatibus et magnis dis parturient montes, nascetur ridiculus mus. Vivamus vestibulum sagittis sapien. Cum sociis natoque penatibus et magnis dis parturient montes, nascetur ridiculus mus.'                                                                                                   , '2022-09-05');
INSERT INTO Deliverables (project_title, deliverable_title, brief, delivery_date) VALUES ('Transcof',   'Structural and Misc Steel (Fabrication)', 'Aenean fermentum. Donec ut mauris eget massa tempor convallis. Nulla neque libero, convallis eget, eleifend luctus, ultricies eu, nibh.'                                                                                                                                                   , '2022-04-08');
INSERT INTO Deliverables (project_title, deliverable_title, brief, delivery_date) VALUES ('Konami',       'Asphalt Paving', 'Fusce posuere felis sed lacus. Morbi sem mauris, laoreet ut, rhoncus aliquet, pulvinar sed, nisl. Nunc rhoncus dui vel sem.'                                                                                                                                                                                      , '2022-07-19');
INSERT INTO Deliverables (project_title, deliverable_title, brief, delivery_date) VALUES ('Subin',      'Overhead Doors', 'Quisque id justo sit amet sapien dignissim vestibulum. Vestibulum ante ipsum primis in faucibus orci luctus et ultrices posuere cubilia Curae; Nulla dapibus dolor vel est. Donec odio justo, sollicitudin ut, suscipit a, feugiat et, eros.'                                                                       , '2022-10-01');
INSERT INTO Deliverables (project_title, deliverable_title, brief, delivery_date) VALUES ('Westham',      'RF Shielding', 'Fusce consequat. Nulla nisl. Nunc nisl.'                                                                                                                                                                                                                                                                           , '2022-10-05');
INSERT INTO Deliverables (project_title, deliverable_title, brief, delivery_date) VALUES ('Fedex',       'Roofing (Asphalt)', 'Curabitur at ipsum ac tellus semper interdum. Mauris ullamcorper purus sit amet nulla. Quisque arcu libero, rutrum ac, lobortis vel, dapibus at, diam.'                                                                                                                                                          , '2022-11-13');
INSERT INTO Deliverables (project_title, deliverable_title, brief, delivery_date) VALUES ('Bitfox',         'Granite Surfaces', 'Maecenas tristique, est et tempus semper, est quam pharetra magna, ac consequat metus sapien ut nunc. Vestibulum ante ipsum primis in faucibus orci luctus et ultrices posuere cubilia Curae; Mauris viverra diam vitae quam. Suspendisse potenti.'                                                           , '2022-08-02');
INSERT INTO Deliverables (project_title, deliverable_title, brief, delivery_date) VALUES ('Vice',    'Roofing (Metal)', 'Proin leo odio, porttitor id, consequat in, consequat ut, nulla. Sed accumsan felis. Ut at dolor quis odio consequat varius.'                                                                                                                                                                                     , '2022-04-24');
INSERT INTO Deliverables (project_title, deliverable_title, brief, delivery_date) VALUES ('Bamity',       'Fire Protection', 'Nullam sit amet turpis elementum ligula vehicula consequat. Morbi a ipsum. Integer a nibh.'                                                                                                                                                                                                                       , '2022-03-05');
INSERT INTO Deliverables (project_title, deliverable_title, brief, delivery_date) VALUES ('Charge',           'Structural & Misc Steel Erection', 'Maecenas ut massa quis augue luctus tincidunt. Nulla mollis molestie lorem. Quisque ut erat.'                                                                                                                                                                                                     , '2022-01-15');
INSERT INTO Deliverables (project_title, deliverable_title, brief, delivery_date) VALUES ('Fix San',          'Construction Clean and Final Clean', 'Proin leo odio, porttitor id, consequat in, consequat ut, nulla. Sed accumsan felis. Ut at dolor quis odio consequat varius.'                                                                                                                                                                  , '2022-04-24');
INSERT INTO Deliverables (project_title, deliverable_title, brief, delivery_date) VALUES ('Bitwolf',         'Curb & Gutter', 'In hac habitasse platea dictumst. Morbi vestibulum, velit id pretium iaculis, diam erat fermentum justo, nec condimentum neque sapien placerat ante. Nulla justo.'                                                                                                                                              , '2022-03-15');
INSERT INTO Deliverables (project_title, deliverable_title, brief, delivery_date) VALUES ('Fintone',        'Fire Sprinkler System', 'Proin interdum mauris non ligula pellentesque ultrices. Phasellus id sapien in sapien iaculis congue. Vivamus metus arcu, adipiscing molestie, hendrerit at, vulputate vitae, nisl.'                                                                                                                           , '2022-05-21');
INSERT INTO Deliverables (project_title, deliverable_title, brief, delivery_date) VALUES ('Mat Lam Tam',     'Roofing (Metal)', 'Aenean lectus. Pellentesque eget nunc. Donec quis orci eget orci vehicula condimentum.'                                                                                                                                                                                                                         , '2022-09-04');
INSERT INTO Deliverables (project_title, deliverable_title, brief, delivery_date) VALUES ('Exsub',        'Sitework & Site Utilities', 'Curabitur at ipsum ac tellus semper interdum. Mauris ullamcorper purus sit amet nulla. Quisque arcu libero, rutrum ac, lobortis vel, dapibus at, diam.'                                                                                                                                                   , '2015-10-31');
INSERT INTO Deliverables (project_title, deliverable_title, brief, delivery_date) VALUES ('Zoolab',       'Drilled Shafts', 'Curabitur in libero ut massa volutpat convallis. Morbi odio odio, elementum eu, interdum eu, tincidunt in, leo. Maecenas pulvinar lobortis est.'                                                                                                                                                                   , '2015-01-07');
INSERT INTO Deliverables (project_title, deliverable_title, brief, delivery_date) VALUES ('Stim',         'Site Furnishings', 'Maecenas tristique, est et tempus semper, est quam pharetra magna, ac consequat metus sapien ut nunc. Vestibulum ante ipsum primis in faucibus orci luctus et ultrices posuere cubilia Curae; Mauris viverra diam vitae quam. Suspendisse potenti.'                                                               , '2015-07-14');
INSERT INTO Deliverables (project_title, deliverable_title, brief, delivery_date) VALUES ('Vagram',       'Doors, Frames & Hardware', 'Nullam porttitor lacus at turpis. Donec posuere metus vitae ipsum. Aliquam non mauris.'                                                                                                                                                                                                                      , '2015-06-19');
INSERT INTO Deliverables (project_title, deliverable_title, brief, delivery_date) VALUES ('Veribet',      'Elevator', 'Curabitur in libero ut massa volutpat convallis. Morbi odio odio, elementum eu, interdum eu, tincidunt in, leo. Maecenas pulvinar lobortis est.'                                                                                                                                                                        , '2015-11-02');
INSERT INTO Deliverables (project_title, deliverable_title, brief, delivery_date) VALUES ('Nowrap',       'Retaining Wall and Brick Pavers', 'Cum sociis natoque penatibus et magnis dis parturient montes, nascetur ridiculus mus. Vivamus vestibulum sagittis sapien. Cum sociis natoque penatibus et magnis dis parturient montes, nascetur ridiculus mus.'                                                                                  , '2015-01-18');
INSERT INTO Deliverables (project_title, deliverable_title, brief, delivery_date) VALUES ('Asa',         'Granite Surfaces', 'In sagittis dui vel nisl. Duis ac nibh. Fusce lacus purus, aliquet at, feugiat non, pretium quis, lectus.'                                                                                                                                                                                                      , '2015-11-17');
INSERT INTO Deliverables (project_title, deliverable_title, brief, delivery_date) VALUES ('Ventosanzap',   'Fire Sprinkler System', 'In hac habitasse platea dictumst. Etiam faucibus cursus urna. Ut tellus.'                                                                                                                                                                                                                                    , '2015-11-05');
INSERT INTO Deliverables (project_title, deliverable_title, brief, delivery_date) VALUES ('Tin',          'Framing (Steel)', 'Proin eu mi. Nulla ac enim. In tempor, turpis nec euismod scelerisque, quam turpis adipiscing lorem, vitae mattis nibh ligula nec sem.'                                                                                                                                                                            , '2015-01-15');
INSERT INTO Deliverables (project_title, deliverable_title, brief, delivery_date) VALUES ('Caviar',    'Soft Flooring and Base', 'Maecenas tristique, est et tempus semper, est quam pharetra magna, ac consequat metus sapien ut nunc. Vestibulum ante ipsum primis in faucibus orci luctus et ultrices posuere cubilia Curae; Mauris viverra diam vitae quam. Suspendisse potenti.'                                                         , '2015-12-16');
INSERT INTO Deliverables (project_title, deliverable_title, brief, delivery_date) VALUES ('Baousi',         'Fire Protection', 'Aenean lectus. Pellentesque eget nunc. Donec quis orci eget orci vehicula condimentum.'                                                                                                                                                                                                                              , '2015-09-10');
INSERT INTO Deliverables (project_title, deliverable_title, brief, delivery_date) VALUES ('Pannier',      'Retaining Wall and Brick Pavers', 'Pellentesque at nulla. Suspendisse potenti. Cras in purus eu magna vulputate luctus.'                                                                                                                                                                                                               , '2015-02-23');
INSERT INTO Deliverables (project_title, deliverable_title, brief, delivery_date) VALUES ('Rank',         'Drilled Shafts', 'Etiam vel augue. Vestibulum rutrum rutrum neque. Aenean auctor gravida sem.'                                                                                                                                                                                                                                        , '2015-06-04');
INSERT INTO Deliverables (project_title, deliverable_title, brief, delivery_date) VALUES ('Prodder',      'Masonry & Precast', 'Curabitur in libero ut massa volutpat convallis. Morbi odio odio, elementum eu, interdum eu, tincidunt in, leo. Maecenas pulvinar lobortis est.'                                                                                                                                                                 , '2015-09-08');
INSERT INTO Deliverables (project_title, deliverable_title, brief, delivery_date) VALUES ('Cardguard',    'Elevator', 'Nulla ut erat id mauris vulputate elementum. Nullam varius. Nulla facilisi.'                                                                                                                                                                                                                                            , '2015-03-16');
INSERT INTO Deliverables (project_title, deliverable_title, brief, delivery_date) VALUES ('Stringtough',   'Waterproofing & Caulking', 'Maecenas ut massa quis augue luctus tincidunt. Nulla mollis molestie lorem. Quisque ut erat.'                                                                                                                                                                                                             , '2015-02-19');
INSERT INTO Deliverables (project_title, deliverable_title, brief, delivery_date) VALUES ('Wrapsafe',     'Temp Fencing, Decorative Fencing and Gates', 'Nulla ut erat id mauris vulputate elementum. Nullam varius. Nulla facilisi.'                                                                                                                                                                                                            , '2015-11-10');
INSERT INTO Deliverables (project_title, deliverable_title, brief, delivery_date) VALUES ('Bookichi',     'Sitework & Site Utilities', 'Duis consequat dui nec nisi volutpat eleifend. Donec ut dolor. Morbi vel lectus in quam fringilla rhoncus.'                                                                                                                                                                                            , '2015-05-09');
INSERT INTO Deliverables (project_title, deliverable_title, brief, delivery_date) VALUES ('Daltfresh',    'Roofing (Asphalt)', 'Mauris enim leo, rhoncus sed, vestibulum sit amet, cursus id, turpis. Integer aliquet, massa id lobortis convallis, tortor risus dapibus augue, vel accumsan tellus nisi eu orci. Mauris lacinia sapien quis libero.'                                                                                            , '2015-10-08');
INSERT INTO Deliverables (project_title, deliverable_title, brief, delivery_date) VALUES ('Solarbreeze',   'Elevator', 'Vestibulum ac est lacinia nisi venenatis tristique. Fusce congue, diam id ornare imperdiet, sapien urna pretium nisl, ut volutpat sapien arcu sed augue. Aliquam erat volutpat.'                                                                                                                                         , '2015-05-24');


INSERT INTO Evaluate (evaluation_id, researcher_id) VALUES (12929, '32-0034181');
INSERT INTO Evaluate (evaluation_id, researcher_id) VALUES (22920, '34-9272947');
INSERT INTO Evaluate (evaluation_id, researcher_id) VALUES (96049, '06-3664612');
INSERT INTO Evaluate (evaluation_id, researcher_id) VALUES (42365, '57-6036692');
INSERT INTO Evaluate (evaluation_id, researcher_id) VALUES (71206, '18-8521574');
INSERT INTO Evaluate (evaluation_id, researcher_id) VALUES (55827, '10-1959937');
INSERT INTO Evaluate (evaluation_id, researcher_id) VALUES (54452, '42-6137875');
INSERT INTO Evaluate (evaluation_id, researcher_id) VALUES (55912, '65-7208996');
INSERT INTO Evaluate (evaluation_id, researcher_id) VALUES (36924, '23-3608106');
INSERT INTO Evaluate (evaluation_id, researcher_id) VALUES (42093, '66-0250036');
INSERT INTO Evaluate (evaluation_id, researcher_id) VALUES (35347, '57-6371563');
INSERT INTO Evaluate (evaluation_id, researcher_id) VALUES (85233, '58-5184645');
INSERT INTO Evaluate (evaluation_id, researcher_id) VALUES (17567, '44-3851266');
INSERT INTO Evaluate (evaluation_id, researcher_id) VALUES (58357, '90-5610707');
INSERT INTO Evaluate (evaluation_id, researcher_id) VALUES (89954, '73-0598174');
INSERT INTO Evaluate (evaluation_id, researcher_id) VALUES (36610, '61-5686409');
INSERT INTO Evaluate (evaluation_id, researcher_id) VALUES (28539, '82-3866938');
INSERT INTO Evaluate (evaluation_id, researcher_id) VALUES (48409, '75-3367468');
INSERT INTO Evaluate (evaluation_id, researcher_id) VALUES (82382, '96-1336721');
INSERT INTO Evaluate (evaluation_id, researcher_id) VALUES (71535, '56-2153184');
INSERT INTO Evaluate (evaluation_id, researcher_id) VALUES (28053, '76-3260093');
INSERT INTO Evaluate (evaluation_id, researcher_id) VALUES (66330, '09-0218370');
INSERT INTO Evaluate (evaluation_id, researcher_id) VALUES (45353, '27-4987637');
INSERT INTO Evaluate (evaluation_id, researcher_id) VALUES (56316, '52-4418450');
INSERT INTO Evaluate (evaluation_id, researcher_id) VALUES (18938, '21-5487477');
INSERT INTO Evaluate (evaluation_id, researcher_id) VALUES (79933, '28-6275478');
INSERT INTO Evaluate (evaluation_id, researcher_id) VALUES (72404, '58-8532721');
INSERT INTO Evaluate (evaluation_id, researcher_id) VALUES (26748, '85-9789264');
INSERT INTO Evaluate (evaluation_id, researcher_id) VALUES (17524, '59-7382728');
INSERT INTO Evaluate (evaluation_id, researcher_id) VALUES (92245, '37-1732363');
INSERT INTO Evaluate (evaluation_id, researcher_id) VALUES (13967, '86-1391116');
INSERT INTO Evaluate (evaluation_id, researcher_id) VALUES (98393, '49-3336363');
INSERT INTO Evaluate (evaluation_id, researcher_id) VALUES (56106, '75-4457670');
INSERT INTO Evaluate (evaluation_id, researcher_id) VALUES (65782, '65-3301338');
INSERT INTO Evaluate (evaluation_id, researcher_id) VALUES (30052, '44-5730907');
INSERT INTO Evaluate (evaluation_id, researcher_id) VALUES (81503, '80-3377595');
INSERT INTO Evaluate (evaluation_id, researcher_id) VALUES (96895, '04-1434235');
INSERT INTO Evaluate (evaluation_id, researcher_id) VALUES (40101, '56-1151228');
INSERT INTO Evaluate (evaluation_id, researcher_id) VALUES (43506, '91-2314903');
INSERT INTO Evaluate (evaluation_id, researcher_id) VALUES (42092, '84-6018143');
INSERT INTO Evaluate (evaluation_id, researcher_id) VALUES (17680, '26-3543581');
INSERT INTO Evaluate (evaluation_id, researcher_id) VALUES (36280, '79-5290438');
INSERT INTO Evaluate (evaluation_id, researcher_id) VALUES (50811, '56-7923899');
INSERT INTO Evaluate (evaluation_id, researcher_id) VALUES (85793, '79-5290438');
INSERT INTO Evaluate (evaluation_id, researcher_id) VALUES (56019, '02-8485718');
INSERT INTO Evaluate (evaluation_id, researcher_id) VALUES (12847, '31-3151845');
INSERT INTO Evaluate (evaluation_id, researcher_id) VALUES (66055, '89-1989742');
INSERT INTO Evaluate (evaluation_id, researcher_id) VALUES (65830, '01-7655902');
INSERT INTO Evaluate (evaluation_id, researcher_id) VALUES (91649, '54-1107828');
INSERT INTO Evaluate (evaluation_id, researcher_id) VALUES (12303, '81-0428271');
INSERT INTO Evaluate (evaluation_id, researcher_id) VALUES (25026, '81-0428271');
INSERT INTO Evaluate (evaluation_id, researcher_id) VALUES (12374, '81-0428271');
INSERT INTO Evaluate (evaluation_id, researcher_id) VALUES (81273, '81-0428271');
INSERT INTO Evaluate (evaluation_id, researcher_id) VALUES (49234, '81-0428271');
INSERT INTO Evaluate (evaluation_id, researcher_id) VALUES (23481, '81-0428271');
INSERT INTO Evaluate (evaluation_id, researcher_id) VALUES (23478, '81-0428271');
INSERT INTO Evaluate (evaluation_id, researcher_id) VALUES (60531, '81-0428271');
INSERT INTO Evaluate (evaluation_id, researcher_id) VALUES (23845, '81-0428271');
INSERT INTO Evaluate (evaluation_id, researcher_id) VALUES (12387, '81-0428271');
INSERT INTO Evaluate (evaluation_id, researcher_id) VALUES (19032, '81-0428271');
INSERT INTO Evaluate (evaluation_id, researcher_id) VALUES (91288, '81-0428271');
INSERT INTO Evaluate (evaluation_id, researcher_id) VALUES (96834, '81-0428271');
INSERT INTO Evaluate (evaluation_id, researcher_id) VALUES (76783, '81-0428271');
INSERT INTO Evaluate (evaluation_id, researcher_id) VALUES (67346, '81-0428271');
INSERT INTO Evaluate (evaluation_id, researcher_id) VALUES (94123, '81-0428271');
INSERT INTO Evaluate (evaluation_id, researcher_id) VALUES (34234, '81-0428271');
INSERT INTO Evaluate (evaluation_id, researcher_id) VALUES (62384, '81-0428271');
INSERT INTO Evaluate (evaluation_id, researcher_id) VALUES (12386, '81-0428271');



INSERT INTO Works_in (project_title, researcher_id) VALUES ('X-find', '21-5487477');
INSERT INTO Works_in (project_title, researcher_id) VALUES ('Zathin', '28-2420815');
INSERT INTO Works_in (project_title, researcher_id) VALUES ('Opela', '81-7250081');   
INSERT INTO Works_in (project_title, researcher_id) VALUES ('Y-find', '97-0436904');    
INSERT INTO Works_in (project_title, researcher_id) VALUES ('Stronghold', '27-0538620');
INSERT INTO Works_in (project_title, researcher_id) VALUES ('Konklux', '58-2347723');   
INSERT INTO Works_in (project_title, researcher_id) VALUES ('Home Ing', '76-7942650');  
INSERT INTO Works_in (project_title, researcher_id) VALUES ('Sonair', '78-4804464');    
INSERT INTO Works_in (project_title, researcher_id) VALUES ('Duobam', '06-1291568');   
INSERT INTO Works_in (project_title, researcher_id) VALUES ('Cardify', '13-6264661');   
INSERT INTO Works_in (project_title, researcher_id) VALUES ('Konklab', '22-1694211');   
INSERT INTO Works_in (project_title, researcher_id) VALUES ('Stringsoft', '75-4154089');
INSERT INTO Works_in (project_title, researcher_id) VALUES ('Gembucket', '66-8061670'); 
INSERT INTO Works_in (project_title, researcher_id) VALUES ('Tempsoft', '73-5716870');  
INSERT INTO Works_in (project_title, researcher_id) VALUES ('Chelsea', '14-5638676');   
INSERT INTO Works_in (project_title, researcher_id) VALUES ('Overhold', '65-1137987');  
INSERT INTO Works_in (project_title, researcher_id) VALUES ('Klan', '35-8449691');      
INSERT INTO Works_in (project_title, researcher_id) VALUES ('Transcof', '41-0559392');  
INSERT INTO Works_in (project_title, researcher_id) VALUES ('Konami', '47-3388341');    
INSERT INTO Works_in (project_title, researcher_id) VALUES ('Subin', '30-1311536');     
INSERT INTO Works_in (project_title, researcher_id) VALUES ('Westham', '07-1834817');   
INSERT INTO Works_in (project_title, researcher_id) VALUES ('Fedex', '54-1107828');    
INSERT INTO Works_in (project_title, researcher_id) VALUES ('Bitfox', '52-4418450');    
INSERT INTO Works_in (project_title, researcher_id) VALUES ('Vice', '85-9789264'); 
INSERT INTO Works_in (project_title, researcher_id) VALUES ('Bamity', '37-1732363');    
INSERT INTO Works_in (project_title, researcher_id) VALUES ('Charge', '49-3336363');    
INSERT INTO Works_in (project_title, researcher_id) VALUES ('Fix San', '44-5730907');   
INSERT INTO Works_in (project_title, researcher_id) VALUES ('Bitwolf', '32-0034181');   
INSERT INTO Works_in (project_title, researcher_id) VALUES ('Fintone', '02-8485718');   
INSERT INTO Works_in (project_title, researcher_id) VALUES ('Mat Lam Tam','56-7923899');
INSERT INTO Works_in (project_title, researcher_id) VALUES ('Exsub', '26-3543581');     
INSERT INTO Works_in (project_title, researcher_id) VALUES ('Zoolab', '91-2314903');    
INSERT INTO Works_in (project_title, researcher_id) VALUES ('Stim', '96-1336721');      
INSERT INTO Works_in (project_title, researcher_id) VALUES ('Vagram', '82-3866938');    
INSERT INTO Works_in (project_title, researcher_id) VALUES ('Veribet', '73-0598174');   
INSERT INTO Works_in (project_title, researcher_id) VALUES ('Nowrap', '58-5184645');    
INSERT INTO Works_in (project_title, researcher_id) VALUES ('Asa', '23-3608106');      
INSERT INTO Works_in (project_title, researcher_id) VALUES ('Ventosanzap','76-3260093');
INSERT INTO Works_in (project_title, researcher_id) VALUES ('Tin', '42-6137875');       
INSERT INTO Works_in (project_title, researcher_id) VALUES ('Caviar', '18-8521574'); 
INSERT INTO Works_in (project_title, researcher_id) VALUES ('Baousi', '28-6275478');     
INSERT INTO Works_in (project_title, researcher_id) VALUES ('Pannier', '79-5290438');   
INSERT INTO Works_in (project_title, researcher_id) VALUES ('Rank', '59-7382728');      
INSERT INTO Works_in (project_title, researcher_id) VALUES ('Prodder', '13-4169183');   
INSERT INTO Works_in (project_title, researcher_id) VALUES ('Cardguard', '94-3082451'); 
INSERT INTO Works_in (project_title, researcher_id) VALUES ('Stringtough','21-4896133');
INSERT INTO Works_in (project_title, researcher_id) VALUES ('Wrapsafe', '04-2727589');  
INSERT INTO Works_in (project_title, researcher_id) VALUES ('Bookichi', '44-8992806');  
INSERT INTO Works_in (project_title, researcher_id) VALUES ('Daltfresh', '67-9990754'); 
INSERT INTO Works_in (project_title, researcher_id) VALUES ('Solarbreeze','57-6036692');
INSERT INTO Works_in (project_title, researcher_id) VALUES ('Y-find', '65-5493124');
INSERT INTO Works_in (project_title, researcher_id) VALUES ('Y-find', '04-2333861');
INSERT INTO Works_in (project_title, researcher_id) VALUES ('Opela', '22-4783939');    
INSERT INTO Works_in (project_title, researcher_id) VALUES ('Stringsoft', '48-4736123');
INSERT INTO Works_in (project_title, researcher_id) VALUES ('Konklux', '75-6076537');   
INSERT INTO Works_in (project_title, researcher_id) VALUES ('Home Ing', '39-4440676');  
INSERT INTO Works_in (project_title, researcher_id) VALUES ('Sonair', '26-3877947');    
INSERT INTO Works_in (project_title, researcher_id) VALUES ('Gembucket', '90-7164353');   
INSERT INTO Works_in (project_title, researcher_id) VALUES ('Cardify', '42-1765025');   
INSERT INTO Works_in (project_title, researcher_id) VALUES ('Konklab', '54-4784310');   
INSERT INTO Works_in (project_title, researcher_id) VALUES ('Stringsoft', '59-2799946');
INSERT INTO Works_in (project_title, researcher_id) VALUES ('Gembucket', '19-1421961'); 
INSERT INTO Works_in (project_title, researcher_id) VALUES ('Tempsoft', '25-9679535');  
INSERT INTO Works_in (project_title, researcher_id) VALUES ('Klan', '99-8658179');   
INSERT INTO Works_in (project_title, researcher_id) VALUES ('Overhold', '33-2577532');  
INSERT INTO Works_in (project_title, researcher_id) VALUES ('Klan', '94-6898825');      
INSERT INTO Works_in (project_title, researcher_id) VALUES ('Transcof', '83-4471684');  
INSERT INTO Works_in (project_title, researcher_id) VALUES ('Konami', '41-5951956');    
INSERT INTO Works_in (project_title, researcher_id) VALUES ('Subin', '98-3729080');     
INSERT INTO Works_in (project_title, researcher_id) VALUES ('Westham', '70-9210106');   
INSERT INTO Works_in (project_title, researcher_id) VALUES ('Fedex', '01-7655902');    
INSERT INTO Works_in (project_title, researcher_id) VALUES ('Bitfox', '06-3664612');    
INSERT INTO Works_in (project_title, researcher_id) VALUES ('Vice', '34-9272947'); 
INSERT INTO Works_in (project_title, researcher_id) VALUES ('Bamity', '86-1391116');    
INSERT INTO Works_in (project_title, researcher_id) VALUES ('Charge', '75-4457670');    
INSERT INTO Works_in (project_title, researcher_id) VALUES ('Fix San', '80-3377595');   
INSERT INTO Works_in (project_title, researcher_id) VALUES ('Bitwolf', '89-1989742');   
INSERT INTO Works_in (project_title, researcher_id) VALUES ('Fintone', '80-2962225');   
INSERT INTO Works_in (project_title, researcher_id) VALUES ('Tempsoft', '12-0612059');
INSERT INTO Works_in (project_title, researcher_id) VALUES ('Exsub', '84-6018143');     
INSERT INTO Works_in (project_title, researcher_id) VALUES ('Zoolab', '56-2153184');    
INSERT INTO Works_in (project_title, researcher_id) VALUES ('Stim', '61-5686409');      
INSERT INTO Works_in (project_title, researcher_id) VALUES ('Vagram', '75-3367468');    
INSERT INTO Works_in (project_title, researcher_id) VALUES ('Veribet', '90-5610707');   
INSERT INTO Works_in (project_title, researcher_id) VALUES ('Nowrap', '57-6371563');    
INSERT INTO Works_in (project_title, researcher_id) VALUES ('Asa', '65-7208996');     
INSERT INTO Works_in (project_title, researcher_id) VALUES ('Ventosanzap', '56-1151228');
INSERT INTO Works_in (project_title, researcher_id) VALUES ('Tin', '10-1959937');       
INSERT INTO Works_in (project_title, researcher_id) VALUES ('Caviar', '27-4987637'); 
INSERT INTO Works_in (project_title, researcher_id) VALUES ('Transcof', '01-7958373');     
INSERT INTO Works_in (project_title, researcher_id) VALUES ('Transcof', '66-6865693');   
INSERT INTO Works_in (project_title, researcher_id) VALUES ('Subin', '72-0113775');      
INSERT INTO Works_in (project_title, researcher_id) VALUES ('Westham', '81-0428271');   
INSERT INTO Works_in (project_title, researcher_id) VALUES ('Bitfox', '58-8532721'); 
INSERT INTO Works_in (project_title, researcher_id) VALUES ('Charge', '65-3301338');
INSERT INTO Works_in (project_title, researcher_id) VALUES ('Bitwolf', '31-3151845');  
INSERT INTO Works_in (project_title, researcher_id) VALUES ('Veribet', '44-3851266');  
INSERT INTO Works_in (project_title, researcher_id) VALUES ('Nowrap', '66-0250036'); 
INSERT INTO Works_in (project_title, researcher_id) VALUES ('Asa', '09-0218370');
INSERT INTO Works_in (project_title, researcher_id) VALUES ('Ventosanzap', '04-1434235');
INSERT INTO Works_in (project_title, researcher_id) VALUES ('Votanikos' ,'09-0218370');
INSERT INTO Works_in (project_title, researcher_id) VALUES ('San Andreas' ,'09-0218370');
INSERT INTO Works_in (project_title, researcher_id) VALUES ('Needleman' ,'09-0218370');
INSERT INTO Works_in (project_title, researcher_id) VALUES ('Wunsch' ,'09-0218370');
INSERT INTO Works_in (project_title, researcher_id) VALUES ('Heisenberg' ,'09-0218370');
INSERT INTO Works_in (project_title, researcher_id) VALUES ('Jar' ,'09-0218370');
INSERT INTO Works_in (project_title, researcher_id) VALUES ('TheHub' ,'09-0218370');
INSERT INTO Works_in (project_title, researcher_id) VALUES ('Jauza' ,'09-0218370');
INSERT INTO Works_in (project_title, researcher_id) VALUES ('Pfodder' ,'81-0428271');
INSERT INTO Works_in (project_title, researcher_id) VALUES ('JBL' ,'81-0428271');
INSERT INTO Works_in (project_title, researcher_id) VALUES ('Desolation' ,'81-0428271');
INSERT INTO Works_in (project_title, researcher_id) VALUES ('Pick Run Po' ,'81-0428271');
INSERT INTO Works_in (project_title, researcher_id) VALUES ('R nd D' ,'81-0428271');
INSERT INTO Works_in (project_title, researcher_id) VALUES ('Mina' ,'81-0428271');
INSERT INTO Works_in (project_title, researcher_id) VALUES ('CSC' ,'81-0428271');
INSERT INTO Works_in (project_title, researcher_id) VALUES ('Johnl' ,'72-0113775');
INSERT INTO Works_in (project_title, researcher_id) VALUES ('Chara' ,'72-0113775');
INSERT INTO Works_in (project_title, researcher_id) VALUES ('Bouter' ,'72-0113775');


INSERT INTO Phone_Numbers (org_name, phone_number) VALUES ('Bednar, Anderson and Torp', '480-608-2537');
INSERT INTO Phone_Numbers (org_name, phone_number) VALUES ('The Johnsons', '527-510-3873');
INSERT INTO Phone_Numbers (org_name, phone_number) VALUES ('Rolfson, Lemke and Wilderman', '368-116-0795');
INSERT INTO Phone_Numbers (org_name, phone_number) VALUES ('Muller, Williamson and Littel', '940-179-1351');
INSERT INTO Phone_Numbers (org_name, phone_number) VALUES ('Balotteli, Ogonsuto nd Co', '622-621-0365');
INSERT INTO Phone_Numbers (org_name, phone_number) VALUES ('Reimman,Strauss and John', '297-274-4517');
INSERT INTO Phone_Numbers (org_name, phone_number) VALUES ('Waelchi, Anderson and Zboncak', '159-938-5150');
INSERT INTO Phone_Numbers (org_name, phone_number) VALUES ('Rutherford, Leannon and Graham', '618-317-8072');
INSERT INTO Phone_Numbers (org_name, phone_number) VALUES ('Kiehn Group', '328-446-1300');
INSERT INTO Phone_Numbers (org_name, phone_number) VALUES ('Olympia Group', '423-774-0779');
INSERT INTO Phone_Numbers (org_name, phone_number) VALUES ('Gislason Inc', '566-858-0968');
INSERT INTO Phone_Numbers (org_name, phone_number) VALUES ('Janice, Robert and Dough', '165-212-1715');
INSERT INTO Phone_Numbers (org_name, phone_number) VALUES ('Schamberger-Torp', '795-420-6280');
INSERT INTO Phone_Numbers (org_name, phone_number) VALUES ('Marks Inc', '930-199-2419');
INSERT INTO Phone_Numbers (org_name, phone_number) VALUES ('Hyatt, Krajcik and Hand', '166-417-7162');
INSERT INTO Phone_Numbers (org_name, phone_number) VALUES ('Lebsack Inc', '355-474-9903');
INSERT INTO Phone_Numbers (org_name, phone_number) VALUES ('Schuppe-Schaefer', '849-900-8781');
INSERT INTO Phone_Numbers (org_name, phone_number) VALUES ('Nader-Sporer', '796-273-6660');
INSERT INTO Phone_Numbers (org_name, phone_number) VALUES ('Berge-Kilback', '498-159-5617');
INSERT INTO Phone_Numbers (org_name, phone_number) VALUES ('Larson-Lindgren', '546-675-6674');
INSERT INTO Phone_Numbers (org_name, phone_number) VALUES ('Sawayn-Lakin', '187-264-6806');
INSERT INTO Phone_Numbers (org_name, phone_number) VALUES ('Koepp, Luettgen and Ratke', '599-150-9093');
INSERT INTO Phone_Numbers (org_name, phone_number) VALUES ('Monahan Inc', '617-949-6584');
INSERT INTO Phone_Numbers (org_name, phone_number) VALUES ('Gulgowski Group', '771-592-9883');
INSERT INTO Phone_Numbers (org_name, phone_number) VALUES ('Stehr, Bechtelar and Thompson', '474-215-3365');
INSERT INTO Phone_Numbers (org_name, phone_number) VALUES ('Deckow Inc', '184-575-2502');
INSERT INTO Phone_Numbers (org_name, phone_number) VALUES ('Casper, Steuber and Ullrich', '805-539-7636');
INSERT INTO Phone_Numbers (org_name, phone_number) VALUES ('Reynolds, Rowe and Corwin', '966-446-6897');
INSERT INTO Phone_Numbers (org_name, phone_number) VALUES ('Hahn-Breitenberg', '889-416-3227');
INSERT INTO Phone_Numbers (org_name, phone_number) VALUES ('Gorczany, Corwin and Prosacco', '890-760-6793');
INSERT INTO Phone_Numbers (org_name, phone_number) VALUES ('Corkery and Sons', '818-388-6424');
INSERT INTO Phone_Numbers (org_name, phone_number) VALUES ('Effertz-Hayes', '847-840-3444');
INSERT INTO Phone_Numbers (org_name, phone_number) VALUES ('Will LLC', '924-419-7698');
INSERT INTO Phone_Numbers (org_name, phone_number) VALUES ('Bahringer-Turner', '341-785-8654');
INSERT INTO Phone_Numbers (org_name, phone_number) VALUES ('Mante, Krajcik and Klein', '241-686-2216');
INSERT INTO Phone_Numbers (org_name, phone_number) VALUES ('Huels-Bashirian', '433-850-1433');
INSERT INTO Phone_Numbers (org_name, phone_number) VALUES ('Weissnat-Nitzsche', '172-581-2915');
INSERT INTO Phone_Numbers (org_name, phone_number) VALUES ('Gislason-Leuschke', '885-565-6270');
INSERT INTO Phone_Numbers (org_name, phone_number) VALUES ('Erdman-Nader', '511-767-5540');
INSERT INTO Phone_Numbers (org_name, phone_number) VALUES ('Kerluke Inc', '259-964-0591');
INSERT INTO Phone_Numbers (org_name, phone_number) VALUES ('Hyatt, Krajcik and Hand', '121-819-3157');
INSERT INTO Phone_Numbers (org_name, phone_number) VALUES ('Lebsack Inc', '685-181-9210');
INSERT INTO Phone_Numbers (org_name, phone_number) VALUES ('Schuppe-Schaefer', '903-553-3684');
INSERT INTO Phone_Numbers (org_name, phone_number) VALUES ('Nader-Sporer', '214-322-6495');
INSERT INTO Phone_Numbers (org_name, phone_number) VALUES ('Berge-Kilback', '591-847-3720');
INSERT INTO Phone_Numbers (org_name, phone_number) VALUES ('Larson-Lindgren', '260-831-5912');
INSERT INTO Phone_Numbers (org_name, phone_number) VALUES ('Sawayn-Lakin', '795-315-0926');
INSERT INTO Phone_Numbers (org_name, phone_number) VALUES ('Koepp, Luettgen and Ratke', '723-431-2918');
INSERT INTO Phone_Numbers (org_name, phone_number) VALUES ('Monahan Inc', '890-777-7991');
INSERT INTO Phone_Numbers (org_name, phone_number) VALUES ('Gulgowski Group', '174-953-3796');



INSERT INTO Private_Company (company_funds, org_name) VALUES (21602027, 'Bednar, Anderson and Torp');
INSERT INTO Private_Company (company_funds, org_name) VALUES (15125320, 'The Johnsons');
INSERT INTO Private_Company (company_funds, org_name) VALUES (8946531, 'Rolfson, Lemke and Wilderman');
INSERT INTO Private_Company (company_funds, org_name) VALUES (18047654, 'Muller, Williamson and Littel');
INSERT INTO Private_Company (company_funds, org_name) VALUES (6414759, 'Balotteli, Ogonsuto nd Co');
INSERT INTO Private_Company (company_funds, org_name) VALUES (15254826, 'Reimman,Strauss and John');
INSERT INTO Private_Company (company_funds, org_name) VALUES (21919560, 'Waelchi, Anderson and Zboncak');
INSERT INTO Private_Company (company_funds, org_name) VALUES (16379171, 'Rutherford, Leannon and Graham');
INSERT INTO Private_Company (company_funds, org_name) VALUES (13253777, 'Kiehn Group');
INSERT INTO Private_Company (company_funds, org_name) VALUES (24458877, 'Olympia Group');
INSERT INTO Private_Company (company_funds, org_name) VALUES (17047255, 'Gislason Inc');
INSERT INTO Private_Company (company_funds, org_name) VALUES (18617589, 'Janice, Robert and Dough');
INSERT INTO Private_Company (company_funds, org_name) VALUES (19254080, 'Schamberger-Torp');
INSERT INTO Private_Company (company_funds, org_name) VALUES (19418785, 'Marks Inc');


INSERT INTO University (university_funds, org_name) VALUES (1946354, 'Hyatt, Krajcik and Hand');
INSERT INTO University (university_funds, org_name) VALUES (7973093, 'Lebsack Inc');
INSERT INTO University (university_funds, org_name) VALUES (9962877, 'Schuppe-Schaefer');
INSERT INTO University (university_funds, org_name) VALUES (1240484, 'Nader-Sporer');
INSERT INTO University (university_funds, org_name) VALUES (7216690, 'Berge-Kilback');
INSERT INTO University (university_funds, org_name) VALUES (9725402, 'Larson-Lindgren');
INSERT INTO University (university_funds, org_name) VALUES (5221393, 'Sawayn-Lakin');
INSERT INTO University (university_funds, org_name) VALUES (6907385, 'Koepp, Luettgen and Ratke');
INSERT INTO University (university_funds, org_name) VALUES (4027249, 'Monahan Inc');
INSERT INTO University (university_funds, org_name) VALUES (5360592, 'Gulgowski Group');
INSERT INTO University (university_funds, org_name) VALUES (5685847, 'Stehr, Bechtelar and Thompson');
INSERT INTO University (university_funds, org_name) VALUES (7280243, 'Deckow Inc');
INSERT INTO University (university_funds, org_name) VALUES (8140964, 'Casper, Steuber and Ullrich');
INSERT INTO University (university_funds, org_name) VALUES (1739121, 'Reynolds, Rowe and Corwin');


INSERT INTO Research_center (publicfunds, privatefunds, org_name) VALUES (9341896, 20869868, 'Hahn-Breitenberg');
INSERT INTO Research_center (publicfunds, privatefunds, org_name) VALUES (4016717, 13970526, 'Gorczany, Corwin and Prosacco');
INSERT INTO Research_center (publicfunds, privatefunds, org_name) VALUES (7943592, 7620689, 'Corkery and Sons');
INSERT INTO Research_center (publicfunds, privatefunds, org_name) VALUES (6921168, 10022403, 'Effertz-Hayes');
INSERT INTO Research_center (publicfunds, privatefunds, org_name) VALUES (2193135, 16473831, 'Will LLC');
INSERT INTO Research_center (publicfunds, privatefunds, org_name) VALUES (2159012, 16656645, 'Bahringer-Turner');
INSERT INTO Research_center (publicfunds, privatefunds, org_name) VALUES (6520378, 24308041, 'Mante, Krajcik and Klein');
INSERT INTO Research_center (publicfunds, privatefunds, org_name) VALUES (4018700, 5760743, 'Huels-Bashirian');
INSERT INTO Research_center (publicfunds, privatefunds, org_name) VALUES (5313129, 13417231, 'Weissnat-Nitzsche');
INSERT INTO Research_center (publicfunds, privatefunds, org_name) VALUES (9496771, 15668930, 'Gislason-Leuschke');
INSERT INTO Research_center (publicfunds, privatefunds, org_name) VALUES (6172782, 7251992, 'Erdman-Nader');
INSERT INTO Research_center (publicfunds, privatefunds, org_name) VALUES (5151317, 14636342, 'Kerluke Inc');